pcqm_idx,smiles,canonical_smiles,gap_true,p7_homo_pred,p7_lumo_pred,p7_gap_pred,p7_gap_abs_err,p8_homo_pred,p8_lumo_pred,p8_gap_pred,p8_gap_abs_err,p7_train_max_sim,delta_gap_abs,valid_rdkit,rdkit_mw,heavy_atoms,fragments,elements,hetero_atoms,rotatable_bonds,ring_count,aromatic_rings,conjugated_bonds,frac_csp3,tpsa,formal_charge,radical_electrons,scaffold,flags,p7_sim_bin
3553266,OC1(CCCN2CCCCC2)CC[C]CC1,OC1(CCCN2CCCCC2)CC[C]CC1,3.4912207019149992,-5.3578863,1.6578678,7.0159397,3.524719010609415,-5.400683,1.6197208,7.004908,3.513687382954385,0.5555555555555556,-0.011031627655029741,True,223.35999999999993,16,1,"C,N,O",2,4,2,0,0,0.9285714285714286,23.47,0,2,[C]1CCC(CCCN2CCCCC2)CC1,radical_or_open_shell,"[0.5, 0.6)"
3389082,C[C]1[CH][CH][CH][C]([CH]1)O[C@@H]1OC[C@@H]([C@H]([C@H]1O)O)O,C[C]1[CH][CH][CH][C](O[C@@H]2OC[C@H](O)[C@@H](O)[C@H]2O)[CH]1,3.659931289225,-6.3210917,0.9386288,7.253409,3.593477619618994,-6.3820395,0.7781756,7.170805,3.510873688191992,0.4634146341463415,-0.08260393142700195,True,240.25500000000002,17,1,"C,O",5,2,2,0,0,0.5,79.15,0,6,[CH]1[CH][CH][C](OC2CCCCO2)[CH][CH]1,radical_or_open_shell,"[0.4, 0.5)"
3718398,[O][N][CH]c1c(C)c(C)c(c(c1C)C)[CH]NO,Cc1c(C)c([CH]NO)c(C)c(C)c1[CH][N][O],2.40548643842,-5.936907,-0.21989724,5.7169247,3.3114382289383983,-5.7849674,-0.14264163,5.6397023,3.234215881678877,0.2941176470588235,-0.07722234725952148,True,220.27199999999996,16,1,"C,N,O",4,4,1,1,6,0.3333333333333333,66.25999999999999,0,4,c1ccccc1,radical_or_open_shell; narrow_gap,"[0.0, 0.3)"
3412547,Oc1cccc(c1)C[CH]c1nc2=C[C]=CC=c2[nH]1,Oc1cccc(C[CH]c2nc3c[c]ccc3[nH]2)c1,2.0381327402450005,-5.804041,-0.49745303,5.313308,3.275175021900996,-5.776012,-0.54340905,5.239265,3.2011322248123726,0.3389830508474576,-0.07404279708862349,True,236.274,18,1,"C,N,O",3,3,3,3,17,0.06666666666666667,48.910000000000004,0,2,[c]1ccc2[nH]c([CH]Cc3ccccc3)nc2c1,radical_or_open_shell; narrow_gap,"[0.3, 0.4)"
3418724,OC(=O)CCc1c([CH])nn(c1C)C(C)(C)C,[CH]c1nn(C(C)(C)C)c(C)c1CCC(=O)O,2.91706047736,-5.928156,0.06647757,6.000163,3.0831026009481053,-5.938073,0.014559597,5.9665785,3.049518006221543,0.425531914893617,-0.0335845947265625,True,222.28799999999995,16,1,"C,N,O",4,3,1,1,7,0.5833333333333334,55.120000000000005,0,2,c1cn[nH]c1,radical_or_open_shell; narrow_gap,"[0.4, 0.5)"
3381494,O/C(=N/C1CC1)/CON1C[C@@]21C=C[C]C=C2,O/C(CON1CC12C=C[C]C=C2)=N/C1CC1,2.130651449415,-5.742833,-0.57973385,5.159273,3.028621698168008,-5.7276506,-0.5533879,5.176555,3.0459037072927635,0.2272727272727272,0.017282009124755415,True,218.25599999999997,16,1,"C,N,O",4,4,3,0,2,0.5,44.83,0,2,[C]1C=CC2(C=C1)CN2OCC=NC1CC1,radical_or_open_shell; narrow_gap,"[0.0, 0.3)"
3400666,O/C(=N/CCO)/[C@@H]1CC[C@@H]([C@H]1C(=O)O)C=[C],[C]=C[C@H]1CC[C@@H](/C(O)=N\CCO)[C@@H]1C(=O)O,3.529316640985,-6.746135,-0.32492062,6.422489,2.8931725252747658,-6.8419905,-0.39197236,6.4591975,2.929880880224717,0.24,0.03670835494995117,True,225.24399999999997,16,1,"C,N,O",5,5,1,0,4,0.6363636363636364,90.12000000000002,0,2,C1CCCC1,radical_or_open_shell,"[0.0, 0.3)"
3416953,[CH]C[C@@H](/N=C(\CCc1ccccc1)/O)CO,[CH]C[C@H](CO)/N=C(/O)CCc1ccccc1,3.551085749025,-6.425797,-0.2712841,6.1549582,2.603872499113428,-6.420109,-0.17194247,6.2487583,2.697672567015039,0.3684210526315789,0.09380006790161133,True,219.284,16,1,"C,N,O",3,6,1,1,8,0.38461538461538464,52.82000000000001,0,2,c1ccccc1,radical_or_open_shell,"[0.3, 0.4)"
3417530,OC(=N)N/N=C/CN1C[C]C(=NC1=O)O,N=C(O)N/N=C/CN1C[C]C(O)=NC1=O,2.892570230815,-6.4745336,-1.0791633,5.4056916,2.513121392872744,-6.559823,-1.0342891,5.5340037,2.641433503773623,0.2586206896551724,0.1283121109008789,True,211.18099999999998,15,1,"C,N,O",8,3,1,0,10,0.2857142857142857,121.37,0,2,O=C1N=C[C]CN1,radical_or_open_shell; narrow_gap,"[0.0, 0.3)"
3547923,O=N(=O)[C]1[CH][C]CC(=C1)[C@@H](C(F)(F)F)O,O=[N+]([O-])[C]1[CH][C]CC([C@H](O)C(F)(F)F)=C1,2.3782750533700003,-7.3871713,-2.1781688,5.2010126,2.82273755801916,-7.4245043,-2.4942088,4.930792,2.552516801488398,0.2653061224489796,-0.2702207565307617,True,221.13399999999996,15,1,"C,F,N,O",7,2,1,0,2,0.375,63.370000000000005,0,4,[C]1[CH][CH]C=CC1,radical_or_open_shell; narrow_gap; fluorinated,"[0.0, 0.3)"
3524417,O=C(C=C1SCCS1)CCC1=[C][C]=CO1,O=C(C=C1SCCS1)CCc1[c][c]co1,2.32929456028,-6.034349,-1.3702168,4.665823,2.336528422508086,-5.9365616,-1.2560624,4.6805444,2.351249816093291,0.2127659574468085,0.014721393585205078,True,238.33299999999997,15,1,"C,O,S",4,4,2,1,8,0.36363636363636365,30.21,0,2,O=C(C=C1SCCS1)CCc1[c][c]co1,radical_or_open_shell; narrow_gap; sulfur,"[0.0, 0.3)"
3390042,O=S1(=O)CC[C@@H](C1)N[C]1C[C][CH]C=N1,O=S1(=O)CC[C@H](N[C]2C[C][CH]C=N2)C1,2.9796466629750005,-6.2001705,-0.82834375,5.3847003,2.4050536353343257,-6.2409315,-0.971708,5.2813973,2.3017506797068843,0.4222222222222222,-0.1033029556274414,True,212.27399999999997,14,1,"C,N,O,S",5,2,2,0,0,0.5555555555555556,58.53,0,4,O=S1(=O)CCC(N[C]2C[C][CH]C=N2)C1,radical_or_open_shell; narrow_gap; sulfur,"[0.4, 0.5)"
3520329,O/C(=N/C1CC[C]C1)/CCc1cccs1,O/C(CCc1cccs1)=N/C1C[C]CC1,3.665373566235,-6.195186,-0.23215911,5.9657044,2.3003308748355566,-6.1864204,-0.29860413,5.8938828,2.228509185229844,0.38,-0.07182168960571245,True,221.32499999999993,15,1,"C,N,O,S",3,4,2,1,7,0.5,32.59,0,2,[C]1CCC(N=CCCc2cccs2)C1,radical_or_open_shell; sulfur,"[0.3, 0.4)"
3427000,OCCCCCCCCCCCCCCC=[C],[C]=CCCCCCCCCCCCCCCO,5.1701631595,-6.5997725,0.57180506,7.180079,2.0099158238068844,-6.6076202,0.67035395,7.2782974,2.108134264816406,0.5,0.09821844100952148,True,238.41499999999994,17,1,"C,O",1,14,0,0,0,0.875,20.23,0,2,,radical_or_open_shell; flexible,"[0.5, 0.6)"
3465008,OC(=N)CN([C]1C(=O)[N]c2c1cccc2)O,N=C(O)CN(O)[C]1C(=O)[N]c2ccccc21,2.473514901045,-6.163012,-1.2602555,4.912584,2.439068926927412,-6.0425305,-1.5296751,4.5171814,2.043666495439375,0.2727272727272727,-0.3954024314880371,True,219.2,16,1,"C,N,O",6,3,2,1,11,0.1,98.72,0,2,O=C1[CH]c2ccccc2[N]1,radical_or_open_shell; narrow_gap,"[0.0, 0.3)"
3405285,C1CSC(S1)CC[C@@]12C=C[C][C]2[CH]1,[C]1C=C[C@]2(CCC3SCCS3)[CH][C]12,3.736123167365,-5.762065,0.08351046,5.8517146,2.115591443688466,-5.7345505,-0.002914071,5.7412863,2.005163110405996,0.2619047619047619,-0.11042833328247026,True,208.35099999999997,13,1,"C,S",2,3,3,0,0,0.5454545454545454,0.0,0,4,[C]1C=CC2(CCC3SCCS3)[CH][C]12,radical_or_open_shell; sulfur,"[0.0, 0.3)"
3398841,CC(=O)[N]c1c([C](C#N)N)ncn1CCO,CC(=O)[N]c1c([C](N)C#N)ncn1CCO,3.360606053675,-6.0440264,-0.632568,5.419309,2.058703085576709,-6.112771,-0.8484232,5.261649,1.901043078099902,0.4042553191489361,-0.15766000747680686,True,221.22,16,1,"C,N,O",7,4,1,1,8,0.3333333333333333,119.02999999999999,0,2,c1c[nH]cn1,radical_or_open_shell,"[0.4, 0.5)"
3608800,C[C@@H]1[CH]c2ccccc2[CH]N1CC(=O)c1ccc(cc1)N(=O)=O,C[C@@H]1[CH]c2ccccc2[CH]N1CC(=O)c1ccc([N+](=O)[O-])cc1,1.5891448869199998,-6.122049,-2.6047583,3.524571,1.935426055005049,-6.1181307,-2.624484,3.4882932,1.8991482840089555,0.4230769230769231,-0.03627777099609353,True,308.337,23,1,"C,N,O",5,4,3,2,17,0.16666666666666666,63.45,0,2,O=C(CN1[CH]c2ccccc2[CH]C1)c1ccccc1,radical_or_open_shell; narrow_gap,"[0.4, 0.5)"
3411735,N#CCOC(=O)CCC1=CC=C([C]2[C@@H]1[CH]O2)O,N#CCOC(=O)CCC1=CC=C(O)[C]2O[CH][C@@H]21,2.9197816158650003,-5.455439,-0.68757,4.758432,1.8386502956035056,-5.493017,-0.70878106,4.7894044,1.8696227763774316,0.3225806451612903,0.030972480773926003,True,233.223,17,1,"C,N,O",5,4,2,0,6,0.3333333333333333,79.55,0,2,[CH]1O[C]2C=CC=CC12,radical_or_open_shell; narrow_gap,"[0.3, 0.4)"
3473715,CC(=O)[N]c1cccc2c1N([O])C(N2O)(C)C,CC(=O)[N]c1cccc2c1N([O])C(C)(C)N2O,2.718417366495,-5.0965586,-0.6399479,4.4677143,1.7492969431973826,-5.199404,-0.6782428,4.5266924,1.8082750239468943,0.2888888888888888,0.05897808074951172,True,235.24299999999997,17,1,"C,N,O",6,1,2,1,11,0.36363636363636365,77.78,0,2,c1ccc2c(c1)NCN2,radical_or_open_shell; narrow_gap,"[0.0, 0.3)"
3666935,O=C1CC[C@@]2([C]([CH]1)[C@@H](C)C=C1[C@@H]2CC[C@]2([C@@H]1CC[C@@H]2O)C)C,C[C@H]1C=C2[C@H]3CC[C@H](O)[C@@]3(C)CC[C@@H]2[C@]2(C)CCC(=O)[CH][C]12,4.078986618995,-6.2411156,-0.4596678,5.7964807,1.7174940366751663,-6.202919,-0.46340674,5.747473,1.6684861440665235,0.3666666666666666,-0.0490078926086428,True,300.442,22,1,"C,O",2,0,4,0,0,0.75,37.3,0,2,O=C1[CH][C]2CC=C3C4CCCC4CCC3C2CC1,radical_or_open_shell,"[0.3, 0.4)"
3412316,OCC(NCCC[C@@]12C=C[C][C]2[CH]1)(CO)CO,OCC(CO)(CO)NCCC[C@@]12[CH][C]1[C]C=C2,4.147015081619999,-6.0626216,-0.030722007,6.0414767,1.894461644911983,-5.929366,-0.1341494,5.8044033,1.6573882234337116,0.28,-0.23707342147827148,True,237.29899999999995,17,1,"C,N,O",4,8,2,0,0,0.6153846153846154,72.72,0,4,[C]1C=CC2[CH][C]12,radical_or_open_shell; flexible,"[0.0, 0.3)"
3411385,ClCCO/C(=N/CC[C@@]12O[C@@H]1[C]2[C])/O,[C][C]1[C@H]2O[C@@]12CC/N=C(\O)OCCCl,4.93614524807,-6.4018645,0.40550518,6.8039513,1.8678060153577345,-6.478462,0.082035065,6.5767336,1.6405883411023634,0.25,-0.2272176742553711,True,215.636,14,1,"C,Cl,N,O",5,5,2,0,3,0.6666666666666666,54.35000000000001,0,4,[CH]1C2OC12,radical_or_open_shell; chlorinated,"[0.0, 0.3)"
3734827,COc1cc([N][N]c2ccccc2)ccc1N(C)C,COc1cc([N][N]c2ccccc2)ccc1N(C)C,3.19461660487,-4.9808903,-0.08945687,4.889992,1.6953756322210642,-5.016267,-0.21138988,4.798641,1.6040245999639842,0.3541666666666667,-0.09135103225708008,True,255.32100000000003,19,1,"C,N,O",4,5,2,2,16,0.2,40.67000000000001,0,2,c1ccc([N][N]c2ccccc2)cc1,radical_or_open_shell,"[0.3, 0.4)"
3423329,CCC[C@@]1(C)N(O)C(=O)[C@]2([C]1N(O)[CH]CC2)C,CCC[C@]1(C)[C]2N(O)[CH]CC[C@@]2(C)C(=O)N1O,4.15245735863,-5.6617317,-0.05412761,5.6139264,1.4614690520450484,-5.7294645,3.0130148e-05,5.723716,1.571258423535527,0.28,0.10978937149047852,True,240.30299999999994,17,1,"C,N,O",5,2,2,0,2,0.75,64.01,0,2,O=C1NC[C]2N[CH]CCC21,radical_or_open_shell,"[0.0, 0.3)"
3704774,CC([C@@H]1CC[C@H]([C@@H]2[C@@H]1[CH][C](C)C(=O)C2)C)C,C[C]1[CH][C@H]2[C@H](CC1=O)[C@H](C)CC[C@H]2C(C)C,4.334773638465,-6.297447,-0.4041162,5.900777,1.5660032246331443,-6.3059683,-0.45791987,5.855239,1.520465276024746,0.3404255319148936,-0.04553794860839844,True,220.35599999999997,16,1,"C,O",1,1,2,0,0,0.8,17.07,0,2,O=C1[CH][CH]C2CCCCC2C1,radical_or_open_shell,"[0.3, 0.4)"
3414265,CCCCCCCC[C]([N][N][C](C(C)C)C)O,CCCCCCCC[C](O)[N][N][C](C)C(C)C,5.521190026645,-5.354627,1.6360748,6.9973216,1.4761315790373732,-5.5286074,1.4561269,6.998461,1.4772707430083205,0.4117647058823529,0.0011391639709472656,True,240.39100000000002,17,1,"C,N,O",3,11,0,0,0,0.8571428571428571,48.43,0,4,,radical_or_open_shell; flexible; wide_gap,"[0.4, 0.5)"
3554614,C[C]1[N]O[C@H](N(C1(C)C)C)c1ccccc1O,C[C]1[N]O[C@@H](c2ccccc2O)N(C)C1(C)C,4.002794740855,-5.506979,-0.11010753,5.40382,1.401025296986797,-5.5767365,-0.13138443,5.4569335,1.4541387575275682,0.3396226415094339,0.05311346054077126,True,234.29899999999998,17,1,"C,N,O",4,1,2,1,7,0.46153846153846156,46.800000000000004,0,2,[CH]1CNC(c2ccccc2)O[N]1,radical_or_open_shell,"[0.3, 0.4)"
3411990,C(NCc1ccccn1)CC[C@@]12C=C[C][C]2[CH]1,[C]1C=C[C@]2(CCCNCc3ccccn3)[CH][C]12,3.76605569092,-5.7615542,-0.575704,5.1872187,1.42116297515666,-5.814129,-0.61990696,5.1987104,1.4326547506693554,0.575,0.011491775512695535,True,224.30700000000004,17,1,"C,N",2,6,3,1,6,0.3333333333333333,24.92,0,4,[C]1C=CC2(CCCNCc3ccccn3)[CH][C]12,radical_or_open_shell,"[0.5, 0.6)"
3624948,O/N=C/1\C=C[C](c2c1cccc2)[C](c1ccccc1)C#N,N#C[C]([C]1C=C/C(=N\O)c2ccccc21)c1ccccc1,3.14563611178,-6.103377,-1.5164776,4.593546,1.447909801916289,-6.133767,-1.556043,4.5782475,1.4326114353696582,0.3333333333333333,-0.01529836654663086,True,272.307,21,1,"C,N,O",3,2,3,2,17,0.0,56.379999999999995,0,2,N=C1C=C[C]([CH]c2ccccc2)c2ccccc21,radical_or_open_shell,"[0.3, 0.4)"
3445280,NN[C]1C=C(C)N=C2N1[N]C(=N2)C(F)(F)F,CC1=C[C](NN)N2[N]C(C(F)(F)F)=NC2=N1,5.24091276063,-5.929324,-2.0844243,3.8455184,1.3953944100288034,-6.0691,-2.256073,3.822174,1.418738688364375,0.2564102564102564,0.02334427833557151,True,232.169,16,1,"C,F,N",9,1,2,0,7,0.2857142857142857,80.11,0,2,[CH]1C=CN=C2N=C[N]N12,radical_or_open_shell; fluorinated,"[0.0, 0.3)"
3429463,[CH]C(=O)CC[C@]12O[C@]2(C)CCCC1(C)C,[CH]C(=O)CC[C@@]12O[C@]1(C)CCCC2(C)C,4.557906995874999,-6.4893265,-0.3452115,6.1497154,1.591808427708985,-6.448032,-0.47739542,5.9706497,1.412742723363282,0.3111111111111111,-0.1790657043457029,True,208.30099999999993,15,1,"C,O",2,3,2,0,0,0.8461538461538461,29.6,0,2,C1CCC2OC2C1,radical_or_open_shell,"[0.3, 0.4)"
3521440,OCC[N]C1=c2c(=N[CH]N1)cccc2C(=O)O,O=C(O)c1cccc2c1=C([N]CCO)N[CH]N=2,4.57695496541,-5.1579003,-1.7564292,3.410909,1.166046027955776,-5.09528,-1.8987556,3.1997738,1.3771811769578512,0.3404255319148936,0.2111351490020752,True,233.22699999999998,17,1,"C,N,O",6,4,2,1,13,0.18181818181818182,96.02,0,2,[CH]1N=c2ccccc2=CN1,radical_or_open_shell,"[0.3, 0.4)"
3540630,CCOC(=O)CN1[N]N=C([N]1)c1cccnc1,CCOC(=O)CN1[N]N=C(c2cccnc2)[N]1,5.434113594485,-5.457961,-1.2772766,4.159871,1.2742424931056051,-5.791047,-1.6898837,4.095357,1.3387566532618551,0.5576923076923077,0.06451416015625,True,233.23100000000002,17,1,"C,N,O",7,4,2,1,12,0.3,82.99000000000001,0,2,c1cncc(C2=N[N]N[N]2)c1,radical_or_open_shell,"[0.5, 0.6)"
3525635,COCC[N]C1=c2ccccc2=N[CH]N1,COCC[N]C1=c2ccccc2=N[CH]N1,4.683079367105,-4.784822,-1.1852366,3.612298,1.0707813553252148,-4.5675383,-1.2203622,3.3458476,1.3372317604460644,0.3137254901960784,0.2664504051208496,True,203.245,15,1,"C,N,O",4,4,2,1,10,0.2727272727272727,47.72,0,2,[CH]1N=c2ccccc2=CN1,radical_or_open_shell,"[0.3, 0.4)"
3554809,CS[C]1N[C@@H]2[C@@H]([N]1)N(C(=O)N2C)C,CS[C]1[N][C@@H]2[C@@H](N1)N(C)C(=O)N2C,6.4218868718,-5.273979,0.09328964,5.3604045,1.0614823803754394,-5.458128,-0.28582796,5.1572275,1.2646593556256835,0.2340425531914893,0.20317697525024414,True,200.26699999999997,13,1,"C,N,O,S",6,1,2,0,3,0.7142857142857143,49.68000000000001,0,2,O=C1NC2[N][CH]NC2N1,radical_or_open_shell; wide_gap; sulfur,"[0.0, 0.3)"
3439906,CCN(C(=O)/C(=C(\NO)/C)/[N][O])CC,CCN(CC)C(=O)/C([N][O])=C(/C)NO,3.327952391615,-5.4204154,-0.5981838,4.823988,1.49603556920043,-5.428803,-0.8324952,4.5873356,1.2593831949328518,0.3636363636363636,-0.23665237426757812,True,201.226,14,1,"C,N,O",6,5,0,0,6,0.625,86.57000000000001,0,2,,radical_or_open_shell,"[0.3, 0.4)"
3422129,CO[C]([N][N][CH]c1ccc(cc1C)C)O,CO[C](O)[N][N][CH]c1ccc(C)cc1C,4.367427300525,-5.863833,-0.15962586,5.7133555,1.3459282407042483,-5.8616505,-0.25774953,5.6076746,1.240247298168848,0.3617021276595745,-0.10568094253540039,True,206.245,15,1,"C,N,O",4,5,1,1,6,0.2727272727272727,57.660000000000004,0,4,c1ccccc1,radical_or_open_shell,"[0.3, 0.4)"
3427403,[C]=CCCCCCCCCCCCCCC=O,[C]=CCCCCCCCCCCCCCC=O,4.77287693777,-6.5387793,-0.5987316,5.9369316,1.1640546723374214,-6.582264,-0.56905097,6.0064535,1.2335765763291209,0.5238095238095238,0.06952190399169944,True,236.39899999999994,17,1,"C,O",1,14,0,0,0,0.8125,17.07,0,2,,radical_or_open_shell; flexible,"[0.5, 0.6)"
3498436,CC([C]([N][N][C]1C[C@H]2C([C@]1(C)CC2)(C)C)O)C,CC(C)[C](O)[N][N][C]1C[C@@H]2CC[C@@]1(C)C2(C)C,5.5946607662800005,-5.361294,1.4496601,6.8045626,1.2099018023845505,-5.443239,1.3236883,6.7686586,1.1739978717204878,0.3673469387755102,-0.03590393066406272,True,236.35899999999995,17,1,"C,N,O",3,4,2,0,0,0.8571428571428571,48.43,0,4,[CH]1CC2CCC1C2,radical_or_open_shell; wide_gap,"[0.3, 0.4)"
3517342,C[C]1C=C2N(N1)C(=O)[N]C(=N2)C(F)(F)F,C[C]1C=C2N=C(C(F)(F)F)[N]C(=O)N2N1,5.08308672734,-5.987903,-1.8870803,4.0902214,0.9928653223107036,-6.0166616,-2.1037264,3.9108891,1.1721975786278422,0.3191489361702128,0.17933225631713867,True,218.138,15,1,"C,F,N,O",8,0,2,0,8,0.2857142857142857,58.800000000000004,0,2,O=C1[N]C=NC2=C[CH]NN12,radical_or_open_shell; fluorinated,"[0.3, 0.4)"
3433934,N1CCC(CC1)[CH][N][N][CH]C1CCNCC1,[CH]([N][N][CH]C1CCNCC1)C1CCNCC1,5.374248547375,-5.4950614,1.3910952,6.8841724,1.5099238922001952,-5.4232855,1.0878309,6.510438,1.1361894180180665,0.2647058823529412,-0.3737344741821287,True,222.33599999999996,16,1,"C,N",4,5,2,0,0,0.8333333333333334,52.260000000000005,0,4,[CH]([N][N][CH]C1CCNCC1)C1CCNCC1,radical_or_open_shell,"[0.0, 0.3)"
3413911,CCCCCCCC[C]([N][N][C](c1ccc(o1)C)C)O,CCCCCCCC[C](O)[N][N][C](C)c1ccc(C)o1,4.302119976405001,-5.249694,0.19714582,5.4542103,1.1520903049670697,-5.3873672,0.04263124,5.4353933,1.133273357030058,0.4,-0.01881694793701172,True,278.3960000000001,20,1,"C,N,O",4,11,1,1,5,0.625,61.57,0,4,c1ccoc1,radical_or_open_shell; flexible,"[0.4, 0.5)"
3391250,CCCC/N=C(\N1C=NN=C([C@@H]1CC)O)/O,CCCC/N=C(/O)N1C=NN=C(O)[C@@H]1CC,5.608266458805,-5.9360824,-1.1951427,4.7363243,0.8719421485022654,-5.814167,-1.3337245,4.4960427,1.1122237303809277,0.3461538461538461,0.24028158187866233,True,226.27999999999997,16,1,"C,N,O",6,4,1,0,8,0.7,80.78,0,0,C1=NN=CNC1,wide_gap,"[0.3, 0.4)"
3440861,COc1cccc(c1)[CH][N][N][C](CC(=O)O)O,COc1cccc([CH][N][N][C](O)CC(=O)O)c1,4.323889084445,-5.741146,-0.28952944,5.4520364,1.1281472963228223,-5.864703,-0.44526833,5.4187503,1.0948612016572952,0.4897959183673469,-0.03328609466552712,True,236.22699999999998,17,1,"C,N,O",6,7,1,1,9,0.18181818181818182,94.96000000000002,0,4,c1ccccc1,radical_or_open_shell,"[0.4, 0.5)"
3416089,O/C(=N/CCc1ccncc1)/C=C/C(=O)O,O=C(O)/C=C/C(O)=N\CCc1ccncc1,4.03272726441,-6.7682314,-1.4855888,5.290203,1.2574758300724218,-6.7592916,-1.6447113,5.122076,1.0893487701358984,0.55,-0.16812705993652344,True,220.228,16,1,"C,N,O",5,5,1,1,13,0.18181818181818182,82.78,0,0,c1ccncc1,ordinary,"[0.5, 0.6)"
3520835,CCN(C(=O)CCl)C/C(=N\C(C)(C)C)/O,CCN(C/C(O)=N\C(C)(C)C)C(=O)CCl,5.064038757804999,-6.5201497,-0.6544833,5.86386,0.7998213725050594,-6.526324,-0.38331518,6.1505623,1.086523528571954,0.3684210526315789,0.28670215606689453,True,234.72699999999998,15,1,"C,Cl,N,O",5,4,0,0,4,0.8,52.9,0,0,,chlorinated,"[0.3, 0.4)"
3574576,c1ccc(cc1)[N]C1=N[N]c2n(N1)cnn2,c1ccc([N]C2=N[N]c3nncn3N2)cc1,3.36332719218,-5.8321714,-1.0376383,4.783296,1.4199689160658495,-5.977044,-1.5395336,4.4447126,1.0813854466749806,0.2857142857142857,-0.3385834693908689,True,213.20400000000004,16,1,"C,N",7,1,3,2,18,0.0,83.30000000000001,0,2,c1ccc([N]C2=N[N]c3nncn3N2)cc1,radical_or_open_shell; large_conjugated,"[0.0, 0.3)"
3398609,CC(OC(=O)C1=C(N[CH]C=C1)/C=N/[O])C,CC(C)OC(=O)C1=C(/C=N/[O])N[CH]C=C1,2.6367832113450005,-5.0680723,-1.4158461,3.6653543,1.0285710405165718,-5.226386,-1.5125602,3.7149615,1.0781783174330757,0.28,0.049607276916503906,True,208.217,15,1,"C,N,O",5,3,1,0,10,0.3,70.58999999999999,0,2,[CH]1C=CC=CN1,radical_or_open_shell; narrow_gap,"[0.0, 0.3)"
3411057,CN([CH][C]1C=C(N=C1O)c1ccccc1)C,CN(C)[CH][C]1C=C(c2ccccc2)N=C1O,3.3878174387249995,-5.5939975,-1.150962,4.444962,1.0571445859637212,-5.5663924,-1.1274991,4.450809,1.062991563197608,0.2916666666666667,0.005846977233886719,True,214.268,16,1,"C,N,O",3,3,2,1,11,0.15384615384615385,35.83,0,2,[CH]1C=NC(c2ccccc2)=C1,radical_or_open_shell,"[0.0, 0.3)"
3550074,Cc1cccc(c1)[N]C1=N[N]C(=C(N1)O)C,CC1=C(O)NC([N]c2cccc(C)c2)=N[N]1,3.115703588225,-4.32703,-0.27548796,4.0178614,0.9021577780469724,-4.584109,-0.41314393,4.1604557,1.0447521155103514,0.2903225806451613,0.14259433746337902,True,216.24400000000003,16,1,"C,N,O",5,1,2,1,15,0.18181818181818182,72.82,0,2,C1=CNC([N]c2ccccc2)=N[N]1,radical_or_open_shell,"[0.0, 0.3)"
3419322,O[C](C1CC1)[N][N][CH]c1ccccc1C,Cc1ccccc1[CH][N][N][C](O)C1CC1,4.4191289321200005,-5.3665795,-0.04863005,5.3172884,0.8981594666226753,-5.7585115,-0.29839242,5.463112,1.0439829453214058,0.358974358974359,0.14582347869873047,True,202.25699999999998,15,1,"C,N,O",3,5,2,1,6,0.3333333333333333,48.43000000000001,0,4,[CH]([N][N][CH]C1CC1)c1ccccc1,radical_or_open_shell,"[0.3, 0.4)"
3441225,CCO[C]([N][N][CH]c1ccc(cc1)C(C)C)O,CCO[C](O)[N][N][CH]c1ccc(C(C)C)cc1,4.525253333815001,-5.891908,-0.19368169,5.709651,1.1843976595321672,-5.866661,-0.30001763,5.56624,1.0409865000167864,0.3962264150943396,-0.14341115951538086,True,234.299,17,1,"C,N,O",4,7,1,1,6,0.38461538461538464,57.660000000000004,0,4,c1ccccc1,radical_or_open_shell,"[0.3, 0.4)"
3486098,C[C](C/C(=N\Cc1ccco1)/O)[N][N][C](O)C,C[C](O)[N][N][C](C)C/C(O)=N\Cc1ccco1,4.7347809987,-5.700369,-0.10529894,5.6019783,0.8671973033019533,-5.8874645,-0.12773368,5.773183,1.0384018702575195,0.4666666666666667,0.17120456695556618,True,237.25900000000001,17,1,"C,N,O",6,7,1,1,7,0.36363636363636365,94.16,0,4,c1ccoc1,radical_or_open_shell,"[0.4, 0.5)"
3461029,C[C@H](N1CCOCC1)CN1CCOCC1,C[C@@H](CN1CCOCC1)N1CCOCC1,8.08178135985,-5.363195,1.6901765,7.03235,1.0494312965260253,-5.381116,1.6971657,7.0592957,1.022485705553125,0.5,-0.02694559097290039,True,214.30899999999994,15,1,"C,N,O",4,3,2,0,0,1.0,24.94,0,0,C1CN(CCN2CCOCC2)CCO1,wide_gap,"[0.5, 0.6)"
3614636,OC1=NN[CH]C2=C1C1=C([N]2)c2c(C1=O)cccc2,O=C1C2=C([N]C3=C2C(O)=NN[CH]3)c2ccccc21,3.68986381278,-4.752243,-2.177588,2.5735424,1.1163214562889112,-5.006802,-2.3634768,2.668449,1.0214148877616895,0.3181818181818182,-0.09490656852722168,True,237.21800000000002,18,1,"C,N,O",5,0,4,1,19,0.0,75.79,0,2,O=C1C2=C([N]C3=C2C=NN[CH]3)c2ccccc21,radical_or_open_shell; large_conjugated,"[0.3, 0.4)"
3547739,N[N][C](CSc1cccc2c1nccc2)O,N[N][C](O)CSc1cccc2cccnc12,3.19461660487,-5.4869018,-1.6216114,3.8670645,0.6724478711431834,-5.7544527,-1.5405029,4.213451,1.0188343037908885,0.4651162790697674,0.3463864326477051,True,233.29600000000002,16,1,"C,N,O,S",5,4,2,2,11,0.09090909090909091,73.24000000000001,0,2,c1ccc2ncccc2c1,radical_or_open_shell; sulfur,"[0.4, 0.5)"
3443610,O/C(=N/C1CC1)/C/N=C(\c1ccccc1C)/O,Cc1ccccc1/C(O)=N\C/C(O)=N\C1CC1,4.66403139757,-6.4813004,-0.9157779,5.5702434,0.9062119610420608,-6.4554605,-0.7856766,5.6717825,1.007751096021309,0.3260869565217391,0.10153913497924816,True,232.28299999999996,17,1,"C,N,O",4,4,2,1,11,0.38461538461538464,65.18,0,0,C(=NCC=NC1CC1)c1ccccc1,ordinary,"[0.3, 0.4)"
3429940,CSc1ccc(cc1)[CH][N][N][C](C1CC1)O,CSc1ccc([CH][N][N][C](O)C2CC2)cc1,4.147015081619999,-5.42273,-0.27979353,5.1547937,1.0077786576988483,-5.4787216,-0.3421399,5.14444,0.997425092482784,0.3478260869565217,-0.010353565216064342,True,234.32399999999996,16,1,"C,N,O,S",4,6,2,1,6,0.3333333333333333,48.43000000000001,0,4,[CH]([N][N][CH]C1CC1)c1ccccc1,radical_or_open_shell; sulfur,"[0.3, 0.4)"
3413850,O[C](CN1CCCC1)[N][N][CH]c1ccco1,O[C](CN1CCCC1)[N][N][CH]c1ccco1,4.25586062182,-5.4874463,-0.13143136,5.3657684,1.1099078107971874,-5.526465,-0.29812002,5.2500963,0.9942356992859568,0.5,-0.11567211151123058,True,221.26000000000002,16,1,"C,N,O",5,6,2,1,5,0.45454545454545453,64.81,0,4,[CH](CN1CCCC1)[N][N][CH]c1ccco1,radical_or_open_shell,"[0.5, 0.6)"
3424812,O=C1C=C[C]2[C@]1(CNc1ccccc1Cl)[CH]2,O=C1C=C[C]2[CH][C@@]21CNc1ccccc1Cl,2.9442718624100004,-5.630851,-1.5852079,4.0466094,1.1023375392928805,-5.6011977,-1.6503224,3.9370704,0.9927985073104586,0.4102564102564102,-0.10953903198242188,True,231.68200000000002,16,1,"C,Cl,N,O",3,3,3,1,10,0.15384615384615385,29.1,0,2,O=C1C=C[C]2[CH]C21CNc1ccccc1,radical_or_open_shell; narrow_gap; chlorinated,"[0.4, 0.5)"
3391466,C[C@H](CNC(=O)C(=O)Nc1ccccc1C)O,Cc1ccccc1NC(=O)C(=O)NC[C@@H](C)O,5.7688136306,-6.0745163,-1.3356096,4.737985,1.0308284964752443,-6.0968027,-1.3190984,4.778853,0.9899606909942876,0.7105263157894737,-0.0408678054809567,True,236.271,17,1,"C,N,O",5,3,1,1,12,0.3333333333333333,78.43,0,0,c1ccccc1,wide_gap,"[0.6, 1.01)"
3402992,Nc1ccc(cc1)C(=O)CCC1=C([C])[CH]N=C1N,[C]C1=C(CCC(=O)c2ccc(N)cc2)C(N)=N[CH]1,3.29801986806,-5.5377774,-1.067364,4.478566,1.1805463016787696,-5.455193,-1.1634667,4.280723,0.9827032268801856,0.375,-0.19784307479858398,True,239.278,18,1,"C,N,O",4,4,2,1,13,0.14285714285714285,81.47,0,4,O=C(CCC1=C[CH]N=C1)c1ccccc1,radical_or_open_shell,"[0.3, 0.4)"
3496577,CCOC(=O)C[C@@H]1N[C@@H]2CCCC[C@H]2N=C1O,CCOC(=O)C[C@@H]1N[C@@H]2CCCC[C@H]2N=C1O,5.172884298005,-6.202285,-0.1014873,6.1004763,0.9275919669486132,-6.1863875,-0.03739366,6.154073,0.9811889403678028,0.4186046511627907,0.053596973419189564,True,240.30299999999994,17,1,"C,N,O",5,3,2,0,4,0.8333333333333334,70.92,0,0,C1=NC2CCCCC2NC1,ordinary,"[0.4, 0.5)"
3484703,COCc1n[nH]/c(=N\C(=O)C2=N[CH]N[N]2)/s1,COCc1n[nH]/c(=N\C(=O)C2=N[CH]N[N]2)s1,4.84906881591,-6.2109413,-1.9785522,4.2581525,0.5909163310162011,-6.335411,-2.4764056,3.8680003,0.9810685469738428,0.2753623188405797,0.3901522159576417,True,240.24800000000005,16,1,"C,N,O,S",9,3,2,1,11,0.2857142857142857,105.83000000000001,0,2,O=C(N=c1[nH]ncs1)C1=N[CH]N[N]1,radical_or_open_shell; sulfur,"[0.0, 0.3)"
3630526,OC1=C2[C](C(=O)C3=C1N[CH]C=C3)C(=O)c1c(C2=O)cccc1,O=C1[C]2C(=O)c3ccccc3C(=O)C2=C(O)C2=C1C=C[CH]N2,1.967383139115,-5.324871,-2.3723516,2.947039,0.9796557498162743,-5.4276314,-2.4826608,2.9471986,0.9798154902642724,0.3409090909090909,0.00015974044799804688,True,291.26199999999994,22,1,"C,N,O",5,0,4,1,20,0.0,83.47,0,2,O=C1[C]2C(=O)c3ccccc3C(=O)C2=CC2=C1C=C[CH]N2,radical_or_open_shell; large_conjugated; narrow_gap,"[0.3, 0.4)"
3413649,OC(=N)CCc1csc2=C[C]=[C]C=c12,N=C(O)CCc1csc2c[c][c]cc12,3.89667033916,-5.9232836,-0.8478793,5.087308,1.1906375908326758,-5.856774,-0.9922483,4.869972,0.9733018898439064,0.3103448275862069,-0.21733570098876942,True,203.266,14,1,"C,N,O,S",3,3,2,2,12,0.18181818181818182,44.08,0,2,[c]1[c]cc2sccc2c1,radical_or_open_shell; sulfur,"[0.3, 0.4)"
3381316,C/N=C(\C/N=C(\c1cccc(c1)C)/O)/O,C/N=C(/O)C/N=C(/O)c1cccc(C)c1,4.634098874015001,-6.4954433,-0.9181464,5.5794506,0.945351733284804,-6.4493713,-0.84102327,5.606665,0.972566260414931,0.3947368421052631,0.027214527130126953,True,206.245,15,1,"C,N,O",4,3,1,1,11,0.2727272727272727,65.18,0,0,c1ccccc1,ordinary,"[0.3, 0.4)"
3522114,[O][N]c1sc(nc1Nc1ccccc1)O,[O][N]c1sc(O)nc1Nc1ccccc1,3.311625560585,-5.221242,-0.7919246,4.4357343,1.1241087114181738,-5.2859035,-1.0171605,4.2793684,0.9677428399887305,0.425,-0.15636587142944336,True,221.24100000000004,15,1,"C,N,O,S",6,3,2,2,15,0.0,79.15,0,2,c1ccc(Nc2cscn2)cc1,radical_or_open_shell; sulfur,"[0.4, 0.5)"
3536154,O[C](Cn1nccc1C)[N][N][CH]c1ccco1,Cc1ccnn1C[C](O)[N][N][CH]c1ccco1,4.280350868365001,-5.6883893,-0.16216533,5.5221596,1.241808708051015,-5.675956,-0.44086677,5.2475157,0.967164810040761,0.3088235294117647,-0.2746438980102539,True,232.24300000000002,17,1,"C,N,O",6,6,2,2,10,0.18181818181818182,79.39,0,4,[CH](Cn1cccn1)[N][N][CH]c1ccco1,radical_or_open_shell,"[0.3, 0.4)"
3566610,OC(=O)C[C]1C=CC(=CC(=O)[C]1O)C(C)C,CC(C)C1=CC(=O)[C](O)[C](CC(=O)O)C=C1,3.616393073145,-6.542944,-1.9036613,4.649116,1.0327229661311232,-6.54475,-1.9747467,4.5806074,0.9642143411006056,0.2962962962962963,-0.06850862503051769,True,222.23999999999995,16,1,"C,O",4,3,1,0,7,0.3333333333333333,74.6,0,2,O=C1[CH][CH]C=CC=C1,radical_or_open_shell,"[0.0, 0.3)"
3531450,O=N(=O)C1=N[CH]N([N]1)CN1CCOCC1,O=[N+]([O-])C1=N[CH]N(CN2CCOCC2)[N]1,4.775598076275001,-5.960405,-2.2992408,3.6537657,1.1218323978692393,-6.0995307,-2.29148,3.8143306,0.9612674984246592,0.4117647058823529,-0.16056489944458008,True,213.19699999999997,15,1,"C,N,O",8,2,2,0,5,0.7142857142857143,85.31,0,2,[CH]1N=C[N]N1CN1CCOCC1,radical_or_open_shell,"[0.4, 0.5)"
3706422,CO[C@H]1[C@H](OC)N(C(=O)N1COC)COC,COCN1C(=O)N(COC)[C@@H](OC)[C@@H]1OC,8.032800866759999,-6.4969974,0.4306218,6.934264,1.0985366837155652,-6.5309353,0.55850285,7.0755014,0.9572994248044324,0.358974358974359,-0.1412372589111328,True,234.25199999999998,16,1,"C,N,O",7,6,1,0,3,0.8888888888888888,60.47000000000001,0,0,O=C1NCCN1,wide_gap,"[0.3, 0.4)"
3383693,C[C@H]1CCC2=C(C1)C(=C1[C](N2)C=CC=C1)[NH],C[C@H]1CCC2=C(C1)C([NH])=C1C=CC=C[C]1N2,4.26130289883,-4.3176165,-0.8903208,3.435095,0.8262078270373978,-4.1171308,-0.7888667,3.3100395,0.9512633785663284,0.4067796610169492,0.12505555152893055,True,212.29600000000002,16,1,"C,N",2,0,3,0,9,0.35714285714285715,35.83,0,2,C1=C[C]2NC3=C(C=C2C=C1)CCCC3,radical_or_open_shell,"[0.4, 0.5)"
3421967,O[C](C1CC1)[N][N][CH]c1ccc(cc1)N(C)C,CN(C)c1ccc([CH][N][N][C](O)C2CC2)cc1,4.08715003451,-5.031927,0.031947136,5.0803547,0.9932046560417582,-5.0726767,-0.031738043,5.037221,0.95007092038502,0.3846153846153846,-0.04313373565673828,True,231.29899999999995,17,1,"C,N,O",4,6,2,1,7,0.38461538461538464,51.67,0,4,[CH]([N][N][CH]C1CC1)c1ccccc1,radical_or_open_shell,"[0.3, 0.4)"
3523275,COC(=O)Cc1c(C)nc2n(c1=O)[nH]c(=N)[nH]2,COC(=O)Cc1c(C)nc2[nH]c(=N)[nH]n2c1=O,5.298056669235001,-5.9337463,-1.2669644,4.668522,0.629534788131485,-5.7830553,-1.4266543,4.3511147,0.9469419193265534,0.3725490196078431,0.31740713119506836,True,237.21900000000005,17,1,"C,N,O",8,2,2,2,14,0.3333333333333333,116.1,0,0,N=c1[nH]c2nccc(=O)n2[nH]1,ordinary,"[0.3, 0.4)"
3554252,O=N(=O)C1=N[N]N([N]1)CC(=O)c1ccccc1,O=C(CN1[N]N=C([N+](=O)[O-])[N]1)c1ccccc1,4.601445211955,-6.215725,-2.27208,3.9366798,0.6647653718671096,-6.1833725,-2.5504403,3.6550808,0.9463644166669144,0.4230769230769231,0.2815990447998048,True,233.18700000000004,17,1,"C,N,O",8,3,2,1,14,0.1111111111111111,104.00999999999999,0,2,O=C(CN1[N]C=N[N]1)c1ccccc1,radical_or_open_shell,"[0.4, 0.5)"
3442889,CN([CH]c1ccc2c(n1)c1ncccc1cc2)[O],CN([O])[CH]c1ccc2ccc3cccnc3c2n1,3.523874363975,-5.917096,-1.4864458,4.431865,0.9079908513265136,-5.952074,-1.4883453,4.4675946,0.9437202595906736,0.4857142857142857,0.035729408264160045,True,237.262,18,1,"C,N,O",4,2,3,3,16,0.07142857142857142,48.92,0,2,c1cnc2c(c1)ccc1cccnc12,radical_or_open_shell,"[0.4, 0.5)"
3656851,COC(=O)/C=C/[C](c1ccccc1)[N]N(c1ccccc1)C,COC(=O)/C=C/[C]([N]N(C)c1ccccc1)c1ccccc1,3.2653662060000004,-5.5143294,-1.1979196,4.3251796,1.059813370873779,-5.5141363,-1.3191934,4.2044163,0.9390500690244136,0.4090909090909091,-0.12076330184936535,True,294.35400000000004,22,1,"C,N,O",4,6,2,2,17,0.1111111111111111,43.64000000000001,0,2,[CH]([N]Nc1ccccc1)c1ccccc1,radical_or_open_shell,"[0.4, 0.5)"
3454640,CCN(c1ccccc1)C(=O)/C=C/C(=O)O,CCN(C(=O)/C=C/C(=O)O)c1ccccc1,4.220485821255,-6.4843354,-1.272187,5.212417,0.9919313044469042,-6.4521894,-1.3040605,5.153241,0.9327553362767382,0.525,-0.059175968170166016,True,219.24,16,1,"C,N,O",4,4,1,1,14,0.16666666666666666,57.61,0,0,c1ccccc1,ordinary,"[0.5, 0.6)"
3415131,CS[C]([C](C(=N)O)C#N)N(CC=C)CC=C,C=CCN(CC=C)[C](SC)[C](C#N)C(=N)O,4.459946009695,-6.070763,-0.7480651,5.3234386,0.8634926347141798,-6.16433,-0.7887085,5.3902926,0.9303466348057324,0.3125,0.06685400009155262,True,237.328,16,1,"C,N,O,S",5,8,0,0,2,0.2727272727272727,71.11,0,2,,radical_or_open_shell; flexible; sulfur,"[0.3, 0.4)"
3565172,CC(=O)O[C@@H]1C=C[C@@H]2C[C@H]1C[C@@H](C2)[C@@H]1CN1C,CC(=O)O[C@@H]1C=C[C@@H]2C[C@H]1C[C@H]([C@@H]1CN1C)C2,6.6395779522,-5.4967227,0.14838618,5.642939,0.99663886147124,-5.595089,0.12495816,5.711341,0.92823704796416,0.3043478260869565,-0.06840181350708008,True,235.32699999999997,17,1,"C,N,O",3,2,3,0,2,0.7857142857142857,29.310000000000002,0,0,C1=CC2CC(C1)CC(C1CN1)C2,wide_gap,"[0.3, 0.4)"
3542138,CC(/N=C(\[C@H]1CC=CC[C@@H]1C(=O)O)/O)C,CC(C)/N=C(/O)[C@H]1CC=CC[C@@H]1C(=O)O,5.564728242725001,-6.72644,-0.22293295,6.5119944,0.9472661191524409,-6.659647,-0.18802336,6.4865837,0.9218554669917962,0.4,-0.025410652160644642,True,211.26099999999997,15,1,"C,N,O",4,3,1,0,4,0.6363636363636364,69.89,0,0,C1=CCCCC1,wide_gap,"[0.4, 0.5)"
3422848,C[C]([N][N][CH]c1ccc(cc1)OCC(C)C)O,C[C](O)[N][N][CH]c1ccc(OCC(C)C)cc1,4.383754131555,-5.529874,-0.20738073,5.3376336,0.953879478216728,-5.540159,-0.25333163,5.3014784,0.9177242543702926,0.5227272727272727,-0.036155223846435436,True,234.29899999999998,17,1,"C,N,O",4,7,1,1,7,0.38461538461538464,57.66,0,4,c1ccccc1,radical_or_open_shell,"[0.5, 0.6)"
3519916,CC[C@H](NC(=O)C(=O)Nc1ccccc1)C,CC[C@@H](C)NC(=O)C(=O)Nc1ccccc1,5.7035063064800005,-6.009185,-1.1869502,4.820972,0.8825343406902055,-5.993814,-1.2059784,4.793632,0.90987427599294,0.6756756756756757,0.027339935302734486,True,220.27200000000002,16,1,"C,N,O",4,3,1,1,12,0.3333333333333333,58.2,0,0,c1ccccc1,wide_gap,"[0.6, 1.01)"
3448993,C[C]1C=C(c2ccncc2)C(=C(N1)[NH])C#N,C[C]1C=C(c2ccncc2)C(C#N)=C([NH])N1,3.54292233351,-5.472102,-1.2246614,4.2367535,0.6938311302351172,-5.696937,-1.2512846,4.445782,0.90285985109083,0.3518518518518518,0.20902872085571278,True,210.24,16,1,"C,N",4,1,2,1,14,0.08333333333333333,72.51,0,2,[CH]1C=C(c2ccncc2)C=CN1,radical_or_open_shell,"[0.3, 0.4)"
3622077,CC([C@]12O[C@H]1C[C@@]13[C@@]42O[C@H]4[C@@H]2O[C@@H]2[C@H]3O1)C,CC(C)[C@]12O[C@H]1C[C@@]13O[C@@H]1[C@H]1O[C@H]1[C@@H]1O[C@@]132,8.117156160415002,-6.588236,0.6324136,7.212451,0.904705179274865,-6.4966183,0.7080521,7.216004,0.9011522656090936,0.1833333333333333,-0.0035529136657714844,True,222.23999999999998,16,1,"C,O",4,1,6,0,0,1.0,50.12,0,0,C1C2OC2C23OC2C2OC2C2OC123,wide_gap,"[0.0, 0.3)"
3461988,O/N=C/1\CCC[C@@H]1Sc1nc(N)cc(=N)[nH]1,N=c1cc(N)nc(S[C@H]2CCC/C2=N\O)[nH]1,4.40280210109,-5.5757113,-0.39646125,5.1655483,0.7627462234949611,-5.6529884,-0.3555933,5.302873,0.9000710335230373,0.2982456140350877,0.13732481002807617,True,239.304,16,1,"C,N,O,S",7,2,2,1,10,0.4444444444444444,111.14000000000001,0,0,N=C1CCCC1Sc1nccc(=N)[nH]1,sulfur,"[0.0, 0.3)"
3413765,ONC(=N)c1ccc(cc1F)C(F)(F)F,N=C(NO)c1ccc(C(F)(F)F)cc1F,4.30484111491,-6.7299275,-1.4317538,5.303871,0.999030039875156,-6.6364098,-1.4488502,5.198478,0.8936371069833102,0.4634146341463415,-0.10539293289184581,True,222.14099999999996,15,1,"C,F,N,O",7,1,1,1,9,0.125,56.11,0,0,c1ccccc1,fluorinated,"[0.4, 0.5)"
3541134,OC[C@@H]1OCCOCCOCCOC1,OC[C@H]1COCCOCCOCCO1,8.45185619653,-6.0725174,1.4123118,7.4740696,0.9777866011930864,-6.2095594,1.3747752,7.5585575,0.893298686154024,1.0,-0.08448791503906239,True,206.23799999999994,14,1,"C,O",5,1,1,0,0,1.0,57.150000000000006,0,0,C1COCCOCCOCCO1,wide_gap,"[0.6, 1.01)"
3393091,Cc1ccn(n1)Cc1nnc(n1C)S,Cc1ccn(Cc2nnc(S)n2C)n1,6.370185240205,-6.038292,-0.45318186,5.58593,0.7842553695995313,-6.055232,-0.5838428,5.48133,0.8888553222972853,0.3265306122448979,0.1045999526977539,True,209.27800000000005,14,1,"C,N,S",6,2,2,2,10,0.375,48.53,0,0,c1cnn(Cc2nnc[nH]2)c1,wide_gap; sulfur,"[0.3, 0.4)"
3489816,CC[N]C1=N[C](CC)N=C(N1)OC(C)C,CC[N]C1=N[C](CC)N=C(OC(C)C)N1,4.949750940595,-5.728274,0.26332703,5.9833245,1.0335735871454783,-5.7852197,0.044651747,5.834955,0.8852042748591016,0.2333333333333333,-0.14836931228637673,True,210.281,15,1,"C,N,O",5,3,1,0,6,0.7,60.08,0,2,[CH]1N=CNC=N1,radical_or_open_shell,"[0.0, 0.3)"
3450197,CC([C@](/N=C(\CN1CCOCC1)/O)(C#N)C)C,CC(C)[C@@](C)(C#N)/N=C(/O)CN1CCOCC1,6.91713407971,-6.2555637,-0.060048565,6.192217,0.724917206541055,-6.1411314,-0.11118239,6.032485,0.8846490714702542,0.3846153846153846,0.15973186492919922,True,239.31899999999993,17,1,"C,N,O",5,4,1,0,2,0.8333333333333334,68.85,0,0,C1COCCN1,wide_gap,"[0.3, 0.4)"
3397476,CCCC[C]([N][N][CH]c1ccc(cc1)OC)O,CCCC[C](O)[N][N][CH]c1ccc(OC)cc1,4.400080962585,-5.421648,-0.106660284,5.3280835,0.9280025525822362,-5.5037284,-0.2273262,5.281625,0.8815438314213475,0.4042553191489361,-0.04645872116088867,True,234.299,17,1,"C,N,O",4,8,1,1,7,0.38461538461538464,57.66,0,4,c1ccccc1,radical_or_open_shell; flexible,"[0.4, 0.5)"
3628948,OCN([N][N]c1ccc(cc1)C(F)(F)F)C,CN(CO)[N][N]c1ccc(C(F)(F)F)cc1,4.432734624645001,-6.001442,-0.68726194,5.3182616,0.8855269987375678,-6.038689,-0.7391041,5.310211,0.8774765569956244,0.4166666666666667,-0.00805044174194336,True,233.19299999999996,16,1,"C,F,N,O",7,4,1,1,7,0.3333333333333333,51.67,0,2,c1ccccc1,radical_or_open_shell; fluorinated,"[0.4, 0.5)"
3603045,NC1=C(C)S(O[C@@]1(C)Cc1ccccc1)([O])[O],CC1=C(N)[C@](C)(Cc2ccccc2)OS1([O])[O],6.11167708223,-5.6514854,-0.48912925,5.167749,0.9439281541599316,-5.689487,-0.44838756,5.235219,0.8764580804599804,0.3333333333333333,-0.06747007369995117,True,253.323,17,1,"C,N,O,S",5,2,2,1,8,0.3333333333333333,75.05,0,2,C1=CC(Cc2ccccc2)OS1,radical_or_open_shell; wide_gap; sulfur,"[0.3, 0.4)"
3599195,ON1[CH]N=c2c(=C1[NH])ncn2C1CCCC1,[NH]C1=c2ncn(C3CCCC3)c2=N[CH]N1O,4.85451109292,-4.7196236,-0.7347958,3.975679,0.8788321721741505,-4.6512203,-0.7034504,3.9845722,0.8699389207550832,0.3103448275862069,-0.008893251419067383,True,219.248,16,1,"C,N,O",6,1,3,1,9,0.5,77.45,0,2,[CH]1N=c2c(ncn2C2CCCC2)=CN1,radical_or_open_shell,"[0.3, 0.4)"
3537255,Oc1cccc(c1)[C]1N[N]C(=N1)c1ccccn1,Oc1cccc([C]2N=C(c3ccccn3)[N]N2)c1,4.900770447505,-5.4822664,-1.4043264,4.0730114,0.8277590491895701,-5.6311626,-1.600791,4.035901,0.8648693778638865,0.4047619047619047,0.037110328674316406,True,238.25000000000006,18,1,"C,N,O",5,2,3,2,16,0.0,71.61,0,2,c1ccc([C]2N=C(c3ccccn3)[N]N2)cc1,radical_or_open_shell,"[0.4, 0.5)"
3632465,COc1cc(ccc1OC)Sc1ccccn1,COc1ccc(Sc2ccccn2)cc1OC,5.314383500265,-5.196987,-0.6537737,4.5429387,0.7714447910059672,-5.1129885,-0.65609264,4.4544168,0.8599667484034281,0.7567567567567568,0.08852195739746094,True,247.31900000000002,17,1,"C,N,O,S",4,4,2,2,14,0.15384615384615385,31.35,0,0,c1ccc(Sc2ccccn2)cc1,sulfur,"[0.6, 1.01)"
3573880,OC(=O)CN1[N]N=C([N]1)c1ccccc1F,O=C(O)CN1[N]N=C(c2ccccc2F)[N]1,5.300777807739999,-5.8995523,-1.3566012,4.5263047,0.774473085907724,-6.274643,-1.8319511,4.4465923,0.8541854768073822,0.4,0.0797123908996582,True,222.17900000000003,16,1,"C,F,N,O",7,3,2,1,12,0.1111111111111111,81.1,0,2,c1ccc(C2=N[N]N[N]2)cc1,radical_or_open_shell; fluorinated,"[0.4, 0.5)"
3444060,CCn1c(S)nnc1Cn1nccc1C,CCn1c(S)nnc1Cn1nccc1C,6.35113727067,-6.0593863,-0.4875438,5.568754,0.7823830745030076,-6.101989,-0.6094337,5.497202,0.8539353511143357,0.3090909090909091,0.07155227661132812,True,223.305,15,1,"C,N,S",6,3,2,2,10,0.4444444444444444,48.53,0,0,c1cnn(Cc2nnc[nH]2)c1,wide_gap; sulfur,"[0.3, 0.4)"
3479474,OC(=N)C(C(=N)O)SC1=N[CH]N[N]1,N=C(O)C(SC1=N[CH]N[N]1)C(=N)O,5.981062433989999,-6.3404994,-1.2703629,5.0735054,0.907557032378671,-6.4851403,-1.3486114,5.1392574,0.8418050029597257,0.2083333333333333,-0.06575202941894531,True,201.21100000000004,13,1,"C,N,O,S",8,3,1,0,6,0.2,126.64999999999999,0,2,[CH]1N=C[N]N1,radical_or_open_shell; wide_gap; sulfur,"[0.0, 0.3)"
3460173,CN1CCN(CC1)C(=O)CCC1CCCC1,CN1CCN(C(=O)CCC2CCCC2)CC1,6.868153586620001,-5.4016805,0.7177496,6.1193666,0.7487869408070127,-5.4388514,0.5885681,6.0302534,0.8379001762806455,0.6486486486486487,0.08911323547363281,True,224.34799999999993,16,1,"C,N,O",3,3,2,0,2,0.9230769230769231,23.55,0,0,O=C(CCC1CCCC1)N1CCNCC1,wide_gap,"[0.6, 1.01)"
3739646,C/C(=C\C=C\C=C(/C=C/C=C(\C=C\C1=C(C)CCCC1(C)C)/C)\C)/C=C/C=C(/C=C/C=C(/CCC=C(C)C)\C)\C,CC(C)=CCC/C(C)=C/C=C/C(C)=C/C=C/C(C)=C/C=C/C=C(C)\C=C\C=C(C)/C=C/C1=C(C)CCCC1(C)C,2.2857563442,-4.6298985,-1.5885754,3.0502243,0.7644679599992186,-4.669744,-1.5336323,3.1226451,0.8368887954942137,0.7333333333333333,0.07242083549499512,True,536.8880000000004,40,1,C,0,13,1,0,21,0.4,0.0,0,0,C1=CCCCC1,flexible; large_conjugated; narrow_gap,"[0.6, 1.01)"
3500692,Clc1cccc(c1/C=C/c1cc[nH]n1)Cl,Clc1cccc(Cl)c1/C=C/c1cc[nH]n1,5.464046118040001,-5.9460993,-1.2357697,4.7032623,0.7607837889384381,-5.7802896,-1.1541998,4.627873,0.8361731741618268,0.3720930232558139,0.07538938522338867,True,239.10500000000002,15,1,"C,Cl,N",4,2,2,2,14,0.0,28.68,0,0,C(=Cc1cc[nH]n1)c1ccccc1,chlorinated,"[0.3, 0.4)"
3575848,NCC(=O)N[C@@H]1CCCC[C@@H]1N1CCCC1,NCC(=O)N[C@@H]1CCCC[C@@H]1N1CCCC1,7.072238974495,-5.419245,0.71320784,6.1361275,0.9361115025711716,-5.5427055,0.7011283,6.2389984,0.8332405614090623,0.5581395348837209,-0.10287094116210926,True,225.33599999999993,16,1,"C,N,O",4,3,2,0,2,0.9166666666666666,58.36000000000001,0,0,C1CCC(N2CCCC2)CC1,wide_gap,"[0.5, 0.6)"
3685942,CCOC1=N[C](CC)N=C(N1)[N]C(C)C,CCOC1=N[C](CC)N=C([N]C(C)C)N1,4.976962325645,-5.746173,0.24927405,5.9881315,1.011169197487324,-5.8054085,-0.0036163032,5.809656,0.8326938175434764,0.2708333333333333,-0.17847537994384766,True,210.28100000000003,15,1,"C,N,O",5,3,1,0,6,0.7,60.080000000000005,0,2,[CH]1N=CNC=N1,radical_or_open_shell,"[0.0, 0.3)"
3401537,O[CH][N][N][CH]c1ccc(cc1O)N(CC)CC,CCN(CC)c1ccc([CH][N][N][CH]O)c(O)c1,3.986467909825,-4.810489,0.1672007,4.979066,0.9925979852555664,-4.7965255,0.018451333,4.8174562,0.8309883355973633,0.4210526315789473,-0.16160964965820312,True,235.287,17,1,"C,N,O",5,7,1,1,8,0.3333333333333333,71.9,0,4,c1ccccc1,radical_or_open_shell,"[0.4, 0.5)"
3636637,O=C(C(=O)NC[C@H]1CN1C(C)(C)C)NC[C@H]1CN1C(C)(C)C,CC(C)(C)N1C[C@@H]1CNC(=O)C(=O)NC[C@H]1CN1C(C)(C)C,5.591939627775,-5.5952106,-0.7511577,4.845148,0.7467915412271484,-5.570399,-0.8067486,4.764575,0.8273646231973633,0.3658536585365853,0.08057308197021484,True,310.44200000000006,22,1,"C,N,O",6,4,2,0,5,0.875,64.22,0,0,O=C(NCC1CN1)C(=O)NCC1CN1,wide_gap,"[0.3, 0.4)"
3547592,CC([C@@H]1CC[C@H](CC1)NN1CCOCC1)(C)C,CC(C)(C)[C@H]1CC[C@H](NN2CCOCC2)CC1,7.774292708785,-5.124922,1.7191463,6.8253345,0.9489581598348042,-5.24737,1.7240493,6.947294,0.8269984735555074,0.4047619047619047,-0.12195968627929688,True,240.3909999999999,17,1,"C,N,O",3,2,2,0,0,1.0,24.5,0,0,C1CCC(NN2CCOCC2)CC1,wide_gap,"[0.4, 0.5)"
3423993,[O][N][N][C]1Sc2c(N1CC)cccc2,CCN1[C]([N][N][O])Sc2ccccc21,3.88578578514,-5.130294,-0.3061213,4.8269134,0.941127571641006,-5.0370555,-0.33686838,4.712308,0.8265221448526758,0.45,-0.11460542678833019,True,207.258,14,1,"C,N,O,S",5,3,2,1,7,0.2222222222222222,51.34,0,4,[CH]1Nc2ccccc2S1,radical_or_open_shell; sulfur,"[0.4, 0.5)"
3645906,[O][N][N][C]1Sc2c(N1CC)cccc2,CCN1[C]([N][N][O])Sc2ccccc21,3.888506923645,-5.130295,-0.30612025,4.8269157,0.9384088173217968,-5.037058,-0.3368706,4.712308,0.8238010063476757,0.45,-0.1146078109741211,True,207.258,14,1,"C,N,O,S",5,3,2,1,7,0.2222222222222222,51.34,0,4,[CH]1Nc2ccccc2S1,radical_or_open_shell; sulfur,"[0.4, 0.5)"
3467241,Cc1nc(=O)c2c(n1)oc(=O)c1c2[nH]sn1,Cc1nc(=O)c2c(n1)oc(=O)c1ns[nH]c12,2.957877554935,-6.8671246,-3.2713935,3.6302726,0.672395071941831,-7.0092454,-3.264369,3.7762203,0.8183427667202734,0.2222222222222222,0.14594769477844238,True,236.212,16,1,"C,N,O,S",8,0,3,3,17,0.125,101.74000000000001,0,0,O=c1oc2ncnc(=O)c2c2[nH]snc12,narrow_gap; sulfur,"[0.0, 0.3)"
3475524,COc1ccccc1/C(=N\C(=N)S)/O,COc1ccccc1/C(O)=N\C(=N)S,5.7035063064800005,-6.2800584,-1.3069403,4.984018,0.7194884575114946,-6.121115,-1.233921,4.8878603,0.8156460083232622,0.4324324324324324,0.09615755081176758,True,210.258,14,1,"C,N,O,S",5,2,1,1,12,0.1111111111111111,65.67,0,0,c1ccccc1,wide_gap; sulfur,"[0.4, 0.5)"
3424923,CC1=C(N=C[C]1C)[CH]c1[nH]cc(c1C)C,C[C]1C=NC([CH]c2[nH]cc(C)c2C)=C1C,3.436797931815,-4.9490805,-0.4976959,4.46352,1.026722118233828,-5.012245,-0.75480056,4.249385,0.8125869482509178,0.3555555555555555,-0.21413516998291016,True,200.28499999999997,15,1,"C,N",2,2,2,1,8,0.3076923076923077,28.15,0,2,[CH]1C=NC([CH]c2ccc[nH]2)=C1,radical_or_open_shell,"[0.3, 0.4)"
3674613,CCC(OOC(C)(C)C)(OOC(C)(C)C)C,CCC(C)(OOC(C)(C)C)OOC(C)(C)C,6.767471461935,-6.1784563,1.186497,7.356552,0.5890806620884375,-6.1527166,1.4262766,7.578388,0.8109167521763281,0.4,0.22183609008789062,True,234.33599999999993,16,1,"C,O",4,5,0,0,0,1.0,36.92,0,0,,wide_gap,"[0.4, 0.5)"
3454771,O[C](C1CC1)[N][N][C]1CCc2c1cccc2,O[C]([N][N][C]1CCc2ccccc21)C1CC1,4.56607041139,-5.6119766,-0.20817983,5.4181147,0.85204425078041,-5.64925,-0.28673446,5.37298,0.8069097064078514,0.3611111111111111,-0.045134544372558594,True,214.26799999999997,16,1,"C,N,O",3,4,3,1,6,0.38461538461538464,48.43,0,4,[CH]([N][N][C]1CCc2ccccc21)C1CC1,radical_or_open_shell,"[0.3, 0.4)"
3482438,O[C]([N]N1CCOCC1)COc1ccccc1,O[C](COc1ccccc1)[N]N1CCOCC1,4.9307029710600006,-5.5166574,0.060098793,5.583842,0.6531388296296967,-5.7046785,0.033687174,5.73538,0.8046772016694916,0.5,0.15153837203979492,True,236.27099999999993,17,1,"C,N,O",5,5,2,1,7,0.4166666666666667,56.03,0,2,[CH](COc1ccccc1)[N]N1CCOCC1,radical_or_open_shell,"[0.5, 0.6)"
3645941,C[C@@H](c1ccccc1)NC(=O)/C=C/C(=O)O,C[C@H](NC(=O)/C=C/C(=O)O)c1ccccc1,4.835463123385001,-6.626507,-0.98700106,5.64231,0.8068470191320891,-6.640114,-1.009496,5.639949,0.8044857215246672,0.7352941176470589,-0.002361297607421875,True,219.24,16,1,"C,N,O",4,4,1,1,13,0.16666666666666666,66.4,0,0,c1ccccc1,ordinary,"[0.6, 1.01)"
3528222,OC1=NN=C(N[C]1N)[N]c1ccccc1C,Cc1ccccc1[N]C1=NN=C(O)[C](N)N1,3.265366206,-5.1549363,-0.8598623,4.286673,1.0213068630002442,-5.3205857,-1.2591408,4.0689344,0.803568234612793,0.3260869565217391,-0.21773862838745117,True,217.232,16,1,"C,N,O",6,1,2,1,13,0.1,97.1,0,2,[CH]1C=NN=C([N]c2ccccc2)N1,radical_or_open_shell,"[0.3, 0.4)"
3541923,CC(Cn1c(S)nnc1c1ccoc1C)C,Cc1occc1-c1nnc(S)n1CC(C)C,5.630035566845001,-5.5904403,-0.8596928,4.7339606,0.8960749383354791,-5.6542397,-0.8266707,4.8283687,0.8016669030571588,0.3859649122807017,-0.09440803527832031,True,237.328,16,1,"C,N,O,S",5,3,2,2,11,0.45454545454545453,43.85,0,0,c1nnc(-c2ccoc2)[nH]1,wide_gap; sulfur,"[0.3, 0.4)"
3459478,[NH]/C(=C/1\[CH]NN=C1/N=C(\c1cccs1)/O)/O,[NH]/C(O)=C1\[CH]NN=C1/N=C(/O)c1cccs1,4.149736220125001,-5.0035644,-1.4923649,3.5080302,0.641706043962281,-4.960408,-1.5941634,3.3489256,0.800810629609864,0.3255813953488372,0.159104585647583,True,236.25600000000003,16,1,"C,N,O,S",7,1,2,1,15,0.0,101.01,0,2,C=C1[CH]NN=C1N=Cc1cccs1,radical_or_open_shell; sulfur,"[0.3, 0.4)"
3574031,CCCN1[C](C)C(=NC2=C1[N]C(=O)N=C2O)C,CCCN1[C](C)C(C)=NC2=C1[N]C(=O)N=C2O,3.28169303703,-5.592315,-1.3925692,4.1878715,0.90617841911624,-5.776889,-1.6901343,4.081742,0.8000487728149706,0.2807017543859649,-0.10612964630126942,True,234.259,17,1,"C,N,O",6,2,2,0,11,0.45454545454545453,79.36,0,2,O=C1[N]C2=C(C=N1)N=C[CH]N2,radical_or_open_shell,"[0.0, 0.3)"
3675664,OC[C@H]([C@@H]1OCO[C@@H]([C@@H]1O)[C@@H](CO)O)O,OC[C@@H](O)[C@@H]1OCO[C@H]([C@H](O)CO)[C@@H]1O,8.402875703440001,-6.657965,0.7631688,7.408205,0.9946706710913684,-6.6233387,0.9796262,7.603281,0.7995946823218372,0.4,-0.19507598876953125,True,224.20900000000003,15,1,"C,O",7,4,1,0,0,1.0,119.61000000000001,0,0,C1COCOC1,wide_gap,"[0.4, 0.5)"
3534349,O=N(=O)c1cccc(c1)CC[C@@]12C=C[C][C]2[CH]1,O=[N+]([O-])c1cccc(CC[C@@]23[CH][C]2[C]C=C3)c1,3.224549128425,-6.341954,-2.2723718,4.07671,0.8521610957266113,-6.334056,-2.3188822,4.0215592,0.7970101100088378,0.44,-0.05515098571777344,True,225.24699999999999,17,1,"C,N,O",3,4,3,1,9,0.21428571428571427,43.14,0,4,[C]1C=CC2(CCc3ccccc3)[CH][C]12,radical_or_open_shell,"[0.4, 0.5)"
3528003,NC1=C[C]2N=C[N]N2C(=N1)N1CCCCC1,NC1=C[C]2N=C[N]N2C(N2CCCCC2)=N1,4.985125741160001,-4.842353,-0.487955,4.3572893,0.6278364268899814,-4.8503623,-0.6722255,4.1907825,0.7943431941629306,0.2888888888888888,0.16650676727294922,True,218.26399999999995,16,1,"C,N",6,0,3,0,8,0.5,71.32,0,2,C1=C[C]2N=C[N]N2C(N2CCCCC2)=N1,radical_or_open_shell,"[0.0, 0.3)"
3547427,CCN1CCN(CC1)Cc1ccccc1C,CCN1CCN(Cc2ccccc2C)CC1,5.7688136306,-4.954651,0.0402731,5.003019,0.7657947745514164,-4.9579945,0.025715321,4.9822745,0.7865390982818852,0.5238095238095238,0.02074432373046875,True,218.344,16,1,"C,N",2,3,2,1,6,0.5714285714285714,6.48,0,0,c1ccc(CN2CCNCC2)cc1,wide_gap,"[0.5, 0.6)"
3670776,COc1cc(ccc1O)CC(=S)C(=O)O,COc1cc(CC(=S)C(=O)O)ccc1O,2.361948222340001,-5.7999125,-2.8512268,2.9148445,0.5528962905994521,-5.792816,-2.6769218,3.1390753,0.7771270568958388,0.5853658536585366,0.22423076629638672,True,226.25300000000001,15,1,"C,O,S",5,4,1,1,12,0.2,66.76,0,0,c1ccccc1,narrow_gap; sulfur,"[0.5, 0.6)"
3480569,C[C@@H]1CN(C)[C@@H](C[C]1[N][N][C](CC#N)O)C,C[C@@H]1CN(C)[C@H](C)C[C]1[N][N][C](O)CC#N,4.960635494615,-5.5071387,0.44310874,5.952545,0.9919096714006246,-5.6354513,0.09846972,5.7347884,0.7741529232011617,0.2631578947368421,-0.2177567481994629,True,222.29199999999997,16,1,"C,N,O",5,4,1,0,0,0.7272727272727273,75.46000000000001,0,4,[CH]1CCNCC1,radical_or_open_shell,"[0.0, 0.3)"
3408151,O/N=C(/C(=N\CCN(C)C)/O)\c1ccccc1,CN(C)CC/N=C(O)\C(=N\O)c1ccccc1,4.00007360235,-5.8118196,-1.1185746,4.6929727,0.6928990577146976,-5.858062,-1.0882808,4.771434,0.7713602279112308,0.3611111111111111,0.0784611701965332,True,235.287,17,1,"C,N,O",5,5,1,1,12,0.3333333333333333,68.42,0,0,c1ccccc1,ordinary,"[0.3, 0.4)"
3720006,Cl[N]c1ccc(c(c1)OC)[N]Cl,COc1cc([N]Cl)ccc1[N]Cl,3.60278738062,-5.5966654,-1.0691922,4.5294514,0.9266639896192576,-5.6608706,-1.304167,4.3721023,0.7693148799695995,0.3478260869565217,-0.1573491096496581,True,205.04400000000004,12,1,"C,Cl,N,O",5,3,1,1,9,0.14285714285714285,37.43000000000001,0,2,c1ccccc1,radical_or_open_shell; chlorinated,"[0.3, 0.4)"
3402881,O=N(=O)c1ccccc1CN1[CH]N=C[N]1,O=[N+]([O-])c1ccccc1CN1[CH]N=C[N]1,4.41912893212,-5.9069843,-2.3201342,3.588729,0.8304000273958785,-6.068015,-2.4047678,3.652175,0.7669539824740035,0.4418604651162791,-0.063446044921875,True,204.189,15,1,"C,N,O",6,3,2,1,11,0.1111111111111111,72.84,0,2,[CH]1N=C[N]N1Cc1ccccc1,radical_or_open_shell,"[0.4, 0.5)"
3480405,CC/N=c/1\nc(O)cc(s1)C(=O)OC,CC/N=c1\nc(O)cc(C(=O)OC)s1,3.409586546765,-5.9412127,-1.7820946,4.1647267,0.755140187396377,-6.173773,-2.0061278,4.165617,0.7560304423707422,0.4,0.0008902549743652344,True,214.24599999999998,14,1,"C,N,O,S",6,2,1,1,11,0.375,71.78,0,0,N=c1ncccs1,sulfur,"[0.4, 0.5)"
3669738,CCN([N][N]c1ccc(cc1)C(=O)O)CC,CCN(CC)[N][N]c1ccc(C(=O)O)cc1,4.220485821255,-5.8059816,-0.8396637,4.974063,0.7535770983616992,-5.806907,-0.8385852,4.974143,0.7536572070042773,0.5,8.0108642578125e-05,True,221.26000000000002,16,1,"C,N,O",5,6,1,1,10,0.36363636363636365,68.74000000000001,0,2,c1ccccc1,radical_or_open_shell,"[0.5, 0.6)"
3633746,CSC(=S)[N]C1=C(C)C=C[CH]N1C,CSC(=S)[N]C1=C(C)C=C[CH]N1C,3.50482639444,-5.1783895,-1.1224146,4.058115,0.5532886110531638,-5.283656,-1.031235,4.25454,0.7497135721432517,0.2083333333333333,0.1964249610900879,True,212.34300000000002,13,1,"C,N,S",4,1,1,0,7,0.3333333333333333,17.340000000000003,0,2,[CH]1C=CC=CN1,radical_or_open_shell; sulfur,"[0.0, 0.3)"
3423288,N#Cc1cccc(c1)CCC(=O)C1=CC=[C][C]=C1,N#Cc1cccc(CCC(=O)c2c[c][c]cc2)c1,4.449061455675,-6.819978,-1.5968816,5.226717,0.7776555395642575,-6.882226,-1.6792575,5.1978607,0.7487992620984372,0.4230769230769231,-0.028856277465820312,True,233.26999999999998,18,1,"C,N,O",2,4,2,2,16,0.125,40.86,0,2,O=C(CCc1ccccc1)c1c[c][c]cc1,radical_or_open_shell,"[0.4, 0.5)"
3471486,CCc1cc(c(n1Cc1ccco1)C)[C](O)[NH],CCc1cc([C]([NH])O)c(C)n1Cc1ccco1,5.7035063064800005,-5.0095406,-0.033978984,4.978608,0.724898175071309,-5.0627003,-0.10137983,4.9551535,0.7483528412090044,0.4153846153846154,0.023454666137695312,True,232.283,17,1,"C,N,O",4,4,2,2,10,0.3076923076923077,62.1,0,2,c1coc(Cn2cccc2)c1,radical_or_open_shell; wide_gap,"[0.4, 0.5)"
3632918,CN[C]1NC(=O)[N]c2c1ncn2[C@@H]1O[C@H]([C@H]([C@@H]1O)O)CO,CN[C]1NC(=O)[N]c2c1ncn2[C@@H]1O[C@@H](CO)[C@@H](O)[C@@H]1O,4.60416635046,-5.5170302,-0.05593484,5.4612365,0.8570701264381935,-5.5273504,-0.18520296,5.350792,0.7466255806923439,0.4915254237288136,-0.11044454574584961,True,297.271,21,1,"C,N,O",10,3,3,1,9,0.5454545454545454,142.97000000000003,0,2,O=C1[N]c2c(ncn2C2CCCO2)[CH]N1,radical_or_open_shell,"[0.4, 0.5)"
3389410,N#C[C]1C(=C([C@@H]2[C@H]1C2(C)C)[N]OC(=O)C)C,CC(=O)O[N]C1=C(C)[C](C#N)[C@H]2[C@@H]1C2(C)C,4.4626671482,-6.021846,-0.6562074,5.372105,0.9094379734125484,-6.165677,-0.9673028,5.204753,0.742085773858105,0.2452830188679245,-0.16735219955444336,True,218.256,16,1,"C,N,O",4,2,2,0,4,0.5833333333333334,64.19,0,2,[CH]1C=CC2CC12,radical_or_open_shell,"[0.0, 0.3)"
3627921,COC(=O)C(=O)[C@@H](C(=O)[C@H]([C]1N=C2N(C1=O)C(=N[N]2)N)C)C,COC(=O)C(=O)[C@H](C)C(=O)[C@@H](C)[C]1N=C2[N]N=C(N)N2C1=O,3.2408759594550007,-5.9281874,-1.4119151,4.518729,1.2778532504449016,-5.750242,-1.7659168,3.9804974,0.7396214007744915,0.2580645161290322,-0.5382318496704102,True,307.2660000000001,22,1,"C,N,O",10,5,2,0,13,0.4166666666666667,145.59,0,2,O=C1[CH]N=C2[N]N=CN12,radical_or_open_shell,"[0.0, 0.3)"
3529757,CSC1=N[C]2C=CC=CC2=C2N1CC(=O)[N]2,CSC1=N[C]2C=CC=CC2=C2[N]C(=O)CN12,4.378311854545,-5.158391,-1.4897075,3.6715581,0.7067537128366261,-5.239489,-1.5714017,3.6388931,0.7394187271035939,0.25,0.03266501426696777,True,231.27999999999997,16,1,"C,N,O,S",5,0,3,0,11,0.18181818181818182,46.77,0,2,O=C1CN2C=N[C]3C=CC=CC3=C2[N]1,radical_or_open_shell; sulfur,"[0.0, 0.3)"
3660007,CCC(=O)c1ccc(cc1)[N][N]c1ccccc1,CCC(=O)c1ccc([N][N]c2ccccc2)cc1,3.74972885989,-5.688138,-1.2227887,4.469021,0.7192919836158596,-5.7453218,-1.2604527,4.486267,0.7365382299537502,0.6333333333333333,0.017246246337890625,True,238.29000000000002,18,1,"C,N,O",3,5,2,2,16,0.13333333333333333,45.27,0,2,c1ccc([N][N]c2ccccc2)cc1,radical_or_open_shell,"[0.6, 1.01)"
3439688,OC(=O)CSC1=N[CH]c2c([N]1)cccc2,O=C(O)CSC1=N[CH]c2ccccc2[N]1,4.10347686554,-6.2705417,-1.105728,5.1698756,1.066398756255654,-6.2556806,-1.4281027,4.8371572,0.7336803839106834,0.3902439024390244,-0.3327183723449707,True,220.25300000000004,15,1,"C,N,O,S",5,2,2,1,11,0.1,63.76,0,2,[CH]1N=C[N]c2ccccc21,radical_or_open_shell; sulfur,"[0.3, 0.4)"
3600679,C1CCC(CC1)c1nnc2c(n1)cncc2,c1cc2nnc(C3CCCCC3)nc2cn1,3.62455648866,-6.238943,-1.6618433,4.5929933,0.9684367707699316,-6.647913,-2.2625585,4.3573217,0.7327652505367772,0.3877551020408163,-0.2356715202331544,True,214.27199999999996,16,1,"C,N",4,1,3,2,11,0.5,51.56,0,0,c1cc2nnc(C3CCCCC3)nc2cn1,ordinary,"[0.3, 0.4)"
3703372,OC(=O)c1cc(C(=O)O)c(cc1C(=O)O)C,Cc1cc(C(=O)O)c(C(=O)O)cc1C(=O)O,4.75110782973,-7.5607433,-2.1992471,5.3933992,0.6422914088564262,-7.624858,-2.1657073,5.478397,0.7272890628176079,0.5769230769230769,0.08499765396118164,True,224.16799999999998,16,1,"C,O",6,3,1,1,15,0.1,111.89999999999999,0,0,c1ccccc1,ordinary,"[0.5, 0.6)"
3549287,CN1CCN(CC1)Cc1cc(C)ccc1C,Cc1ccc(C)c(CN2CCN(C)CC2)c1,5.80146729266,-4.9743257,0.08857595,5.069705,0.7317622831995507,-4.9962425,0.08243288,5.0756297,0.7258375815088769,0.6,-0.005924701690673828,True,218.34399999999997,16,1,"C,N",2,2,2,1,6,0.5714285714285714,6.48,0,0,c1ccc(CN2CCNCC2)cc1,wide_gap,"[0.6, 1.01)"
3641578,Cn1ccnc1C[C@](c1ccccc1)(O)C,Cn1ccnc1C[C@@](C)(O)c1ccccc1,6.29671450057,-5.653659,-0.0968449,5.5581903,0.7385241548058401,-5.666641,-0.09441316,5.5741644,0.7225501100060354,0.5384615384615384,-0.015974044799804688,True,216.28400000000002,16,1,"C,N,O",3,3,2,2,11,0.3076923076923077,38.05,0,0,c1ccc(CCc2ncc[nH]2)cc1,wide_gap,"[0.5, 0.6)"
3413612,O[C](CC#N)[N]/N=C(/CC(=O)C(F)(F)F)\C,C/C(CC(=O)C(F)(F)F)=N\[N][C](O)CC#N,5.20825909857,-6.6490946,-1.9803582,4.656193,0.5520663190289845,-6.5658703,-2.0719693,4.4864016,0.7218575406476369,0.2916666666666667,0.16979122161865234,True,235.165,16,1,"C,F,N,O",8,5,0,0,2,0.5,87.55000000000001,0,2,,radical_or_open_shell; fluorinated,"[0.0, 0.3)"
3581003,CC(=C=CCCc1ccccc1)c1ccccc1,CC(=C=CCCc1ccccc1)c1ccccc1,5.19193226754,-6.077632,-0.17245305,5.911318,0.7193855577773824,-6.096824,-0.20558234,5.910754,0.7188219362563864,0.4565217391304347,-0.0005636215209960938,True,234.34200000000004,18,1,C,0,4,2,2,15,0.16666666666666666,0.0,0,0,C(=CCCc1ccccc1)=Cc1ccccc1,ordinary,"[0.4, 0.5)"
3684533,CC([C@@](c1cccc2c1cccc2)(C(=O)N)CCCN1CCCCC1)C,CC(C)[C@](CCCN1CCCCC1)(C(N)=O)c1cccc2ccccc12,3.9048337546750007,-5.5928063,-0.97935015,4.6134467,0.7086129578188958,-5.5978065,-0.9842577,4.6219254,0.7170915993289055,0.5689655172413793,0.008478641510009766,True,352.522,26,1,"C,N,O",3,7,3,2,13,0.5217391304347826,46.33,0,0,c1ccc2c(CCCCN3CCCCC3)cccc2c1,ordinary,"[0.5, 0.6)"
3609258,[CH2][C@H]1C[C@@H]2[C@H]1n1c(=O)n(c(=O)n1[CH]2)c1ccccc1.[C]=O,[CH2][C@H]1C[C@H]2[CH]n3c(=O)n(-c4ccccc4)c(=O)n3[C@H]21.[C]=O,4.035448402915,-6.1124067,-1.1793071,4.94411,0.908661513772012,-6.0972424,-1.3394028,4.7520967,0.7166482500696194,0.4,-0.19201326370239258,True,283.28700000000003,21,2,"C,N,O",6,1,4,2,14,0.26666666666666666,66.0,0,4,O=c1n(-c2ccccc2)c(=O)n2n1[CH]C1CCC12,salt_or_multifragment; radical_or_open_shell,"[0.4, 0.5)"
3437231,C/C(=N\[C]1C(=N[C](N1c1ccccc1)C)O)/O,C[C]1N=C(O)[C](/N=C(\C)O)N1c1ccccc1,4.326610222949999,-5.6293073,-0.55907774,5.0675015,0.7408913220023932,-5.708362,-0.6814373,5.0426817,0.7160714710807623,0.3269230769230769,-0.02481985092163086,True,231.25500000000002,17,1,"C,N,O",5,2,2,1,11,0.16666666666666666,68.42,0,2,[CH]1C=N[CH]N1c1ccccc1,radical_or_open_shell,"[0.3, 0.4)"
3573565,Oc1cc(/N=C(/O)\C)cc(c1)/N=C(/O)\C,C/C(O)=N\c1cc(O)cc(/N=C(\C)O)c1,5.55656482721,-5.19431,-0.41745278,4.7701015,0.786463279968789,-5.311371,-0.43610442,4.8449254,0.7116394236150292,0.2941176470588235,-0.07482385635375977,True,208.21699999999998,15,1,"C,N,O",5,2,1,1,13,0.2,85.41000000000001,0,0,c1ccccc1,wide_gap,"[0.0, 0.3)"
3529649,CN1CCN(CC1)Cc1ccc(nc1)Cl,CN1CCN(Cc2ccc(Cl)nc2)CC1,5.009615987705,-5.2820115,-0.9616358,4.321746,0.6878701152074411,-5.1857796,-0.8903438,4.299069,0.7105470599401071,0.625,0.022676944732666016,True,225.72299999999996,15,1,"C,Cl,N",4,2,2,1,6,0.5454545454545454,19.37,0,0,c1cncc(CN2CCNCC2)c1,chlorinated,"[0.6, 1.01)"
3706852,OC(=O)c1cccc(c1C(=O)O)S(O)([O])[O],[O]S([O])(O)c1cccc(C(=O)O)c1C(=O)O,5.586497350764999,-7.1161156,-2.1797,4.950666,0.6358313999898524,-7.1971254,-2.3038712,4.882127,0.704370542598495,0.5,0.06853914260864258,True,246.19599999999997,16,1,"C,O,S",8,3,1,1,12,0.0,134.63,0,2,c1ccccc1,radical_or_open_shell; wide_gap; sulfur,"[0.5, 0.6)"
3692083,OC(=O)COc1cc(O)c(c(c1)O)C(=O)C,CC(=O)c1c(O)cc(OCC(=O)O)cc1O,5.466767256545,-6.103659,-1.4204583,4.6769075,0.7898597171773245,-6.174917,-1.4054354,4.766263,0.7005042484273245,0.5135135135135135,-0.08935546875,True,226.18399999999997,16,1,"C,O",6,4,1,1,13,0.2,104.06,0,0,c1ccccc1,ordinary,"[0.5, 0.6)"
3646223,O=C(c1ccccc1)NNC1CCCCC1,O=C(NNC1CCCCC1)c1ccccc1,4.949750940595,-6.1857677,-0.63018703,5.5511913,0.6014403893610547,-6.188885,-0.5463022,5.648698,0.6989469124933789,0.5365853658536586,0.09750652313232422,True,218.3,16,1,"C,N,O",3,3,2,1,9,0.46153846153846156,41.13,0,0,O=C(NNC1CCCCC1)c1ccccc1,ordinary,"[0.5, 0.6)"
3614576,O=C1N[C](N)c2c([N]1)sc1c2CCCC1,N[C]1NC(=O)[N]c2sc3c(c21)CCCC3,4.29395656089,-5.3420415,-0.36059374,4.9760427,0.6820861866075587,-5.337308,-0.3513682,4.9901023,0.6961457302171778,0.3333333333333333,0.01405954360961914,True,221.28499999999994,15,1,"C,N,O,S",5,0,3,1,9,0.4,69.22,0,2,O=C1[N]c2sc3c(c2[CH]N1)CCCC3,radical_or_open_shell; sulfur,"[0.3, 0.4)"
3641744,C[C@]12C[C@@]3(C)C[C@@](C2)(C[C@@](C1)(C3)Cl)Cl,C[C@]12C[C@]3(C)C[C@](Cl)(C1)C[C@](Cl)(C2)C3,7.6736105841,-7.0506797,0.38923225,7.4562216,0.2173890035946293,-6.7821474,0.2188445,6.9829807,0.6906298559505863,0.2857142857142857,0.47324085235595703,True,233.18199999999996,14,1,"C,Cl",2,0,4,0,0,1.0,0.0,0,0,C1C2CC3CC1CC(C2)C3,wide_gap; chlorinated,"[0.0, 0.3)"
3402803,OC(=O)C[C@H]1SC2=NCCN2C1=O,O=C(O)C[C@H]1SC2=NCCN2C1=O,6.106234805220001,-6.5922785,-1.2849817,5.314362,0.7918727561172174,-6.710644,-1.3021477,5.415999,0.6902358695205377,0.36,-0.10163688659667969,True,200.21899999999997,13,1,"C,N,O,S",6,2,2,0,6,0.5714285714285714,69.97,0,0,O=C1CSC2=NCCN12,wide_gap; sulfur,"[0.3, 0.4)"
3483774,Cc1cccc(c1)/N=C(\Cn1cccc1)/O,Cc1cccc(/N=C(/O)Cn2cccc2)c1,5.760650215085,-5.8294344,-0.7594586,5.0721464,0.6885037993745504,-5.748523,-0.67339754,5.0723176,0.6883326148347555,0.38,-0.00017118453979492188,True,214.26800000000003,16,1,"C,N,O",3,3,2,2,14,0.15384615384615385,37.52,0,0,C(Cn1cccc1)=Nc1ccccc1,wide_gap,"[0.3, 0.4)"
3613788,CN(CCOC1=N[CH]N=C2[C@H]1[N]C=N2)C,CN(C)CCOC1=N[CH]N=C2N=C[N][C@H]21,3.708911782315,-5.7903256,-1.2612333,4.5271034,0.8181916417572657,-5.9622517,-1.557723,4.395463,0.686551207492129,0.3,-0.13164043426513672,True,207.237,15,1,"C,N,O",6,3,2,0,6,0.5555555555555556,63.65,0,2,[CH]1N=CC2[N]C=NC2=N1,radical_or_open_shell,"[0.3, 0.4)"
3445535,Fc1ccc(cc1)C[N]C1=N[N]NN1C,CN1N[N]N=C1[N]Cc1ccc(F)cc1,4.28307200687,-5.1576185,-0.3665692,4.788799,0.5057268021815133,-5.1872754,-0.22933286,4.969197,0.686124789547236,0.3260869565217391,0.18039798736572266,True,207.21200000000002,15,1,"C,F,N",6,2,2,1,10,0.2222222222222222,55.830000000000005,0,2,c1ccc(C[N]C2=N[N]NN2)cc1,radical_or_open_shell; fluorinated,"[0.3, 0.4)"
3624987,CCC(c1ccc(cc1)OC(=O)[C@H](OC(=O)C)C)(C)C,CCC(C)(C)c1ccc(OC(=O)[C@@H](C)OC(C)=O)cc1,6.32936816263,-6.201671,-0.5378137,5.6666007,0.6627674584368846,-6.154407,-0.50967866,5.647298,0.6820703034381053,0.5227272727272727,0.019302845001220703,True,278.34799999999996,20,1,"C,O",4,5,1,1,11,0.5,52.6,0,0,c1ccccc1,wide_gap,"[0.5, 0.6)"
3634421,NC(=O)[C@@H](NC(=O)OC(C)(C)C)CCSCC(=O)O,CC(C)(C)OC(=O)N[C@@H](CCSCC(=O)O)C(N)=O,6.772913738945,-6.4081397,-0.1996163,6.2032113,0.5697024314193655,-6.3201976,-0.24037614,6.092284,0.6806295363693167,0.4666666666666667,0.11092710494995117,True,292.357,19,1,"C,N,O,S",8,7,0,0,7,0.7272727272727273,118.72,0,0,,wide_gap; sulfur,"[0.4, 0.5)"
3636286,CC(=O)O[C@@H]1SC[C@H]2[C@@H]1OC(=O)O2,CC(=O)O[C@@H]1SC[C@@H]2OC(=O)O[C@@H]21,6.762029184925,-6.8604474,-0.50319374,6.3610826,0.4009466310614744,-6.8096585,-0.7278168,6.0822806,0.6797485490912596,0.3947368421052631,0.2788019180297852,True,204.203,13,1,"C,O,S",6,1,2,0,5,0.7142857142857143,61.83,0,0,O=C1OC2CSCC2O1,wide_gap; sulfur,"[0.3, 0.4)"
3497730,COC(=O)[C@H]1CC(=C[C@@H]([C@@H]1C(=O)O)C)C,COC(=O)[C@H]1CC(C)=C[C@H](C)[C@@H]1C(=O)O,6.781077154459999,-6.4716296,-0.41854635,6.05149,0.7295873244429094,-6.450707,-0.3532122,6.105727,0.6753499587202532,0.5,-0.05423736572265625,True,212.245,15,1,"C,O",4,2,1,0,4,0.6363636363636364,63.60000000000001,0,0,C1=CCCCC1,wide_gap,"[0.5, 0.6)"
3498605,O=N(=O)[N]N1C=NN([CH]1)CN(N(=O)=O)C,CN(CN1[CH]N([N][N+](=O)[O-])C=N1)[N+](=O)[O-],3.986467909825,-6.3354254,-1.8027623,4.525407,0.5389389276383789,-6.372382,-1.7125318,4.6582665,0.671798634517041,0.2608695652173913,0.1328597068786621,True,217.145,15,1,"C,N,O",11,5,1,0,9,0.5,122.46000000000001,0,2,[CH]1NC=NN1,radical_or_open_shell,"[0.0, 0.3)"
3592951,CCCCCCCCCCC#CCC(=O)O,CCCCCCCCCCC#CCC(=O)O,7.366121933035,-6.848833,-0.06853408,6.7834835,0.5826384277859766,-6.840847,-0.14120719,6.695889,0.6702329369107325,0.6333333333333333,0.08759450912475586,True,224.34399999999997,16,1,"C,O",2,9,0,0,2,0.7857142857142857,37.3,0,0,,flexible; wide_gap,"[0.6, 1.01)"
3723019,FC(/C=N/[C@]12C[C@H]3C[C@@H](C2)C[C@@H](C1)C3)(F)F,FC(F)(F)/C=N/[C@]12C[C@H]3C[C@H](C[C@H](C3)C1)C2,6.33481043964,-6.804595,-1.2477586,5.567427,0.7673832812842871,-6.8464813,-1.1755689,5.6660285,0.6687819400367285,0.2894736842105263,-0.0986013412475586,True,231.26099999999997,16,1,"C,F,N",4,1,4,0,0,0.9166666666666666,12.36,0,0,C1C2CC3CC1CC(C2)C3,wide_gap; fluorinated,"[0.0, 0.3)"
3731912,O=C(c1ccncc1)Nn1c(C)ccc1C,Cc1ccc(C)n1NC(=O)c1ccncc1,3.548364610520001,-5.2894607,-1.1815356,4.1151977,0.5668330480188173,-5.423996,-1.2127832,4.2163734,0.6680088330835146,0.45,0.10117578506469727,True,215.25600000000003,16,1,"C,N,O",4,2,2,2,15,0.16666666666666666,46.92,0,0,O=C(Nn1cccc1)c1ccncc1,ordinary,"[0.4, 0.5)"
3456940,ClC[C@H](c1ccc(cc1)N1[N]C=N[CH]1)O,O[C@H](CCl)c1ccc(N2[CH]N=C[N]2)cc1,5.51302661113,-5.5901613,-0.49821854,5.084015,0.4290117185518749,-5.6183815,-0.764849,4.845175,0.667851821701289,0.3695652173913043,0.23884010314941406,True,223.663,15,1,"C,Cl,N,O",5,3,2,1,9,0.2,49.93,0,2,[CH]1N=C[N]N1c1ccccc1,radical_or_open_shell; wide_gap; chlorinated,"[0.3, 0.4)"
3634318,O=C1OCCOCCOCCOC(=O)C1,O=C1CC(=O)OCCOCCOCCO1,6.7130486918350005,-6.5988727,-0.5289568,6.071392,0.6416566325088287,-6.696643,-0.6218035,6.0459156,0.6671330881973052,0.6,0.025476455688476562,True,218.20499999999993,15,1,"C,O",6,0,1,0,4,0.7777777777777778,71.06000000000002,0,0,O=C1CC(=O)OCCOCCOCCO1,wide_gap,"[0.6, 1.01)"
3532743,CC(C/C(=N\C(=N/c1ccccn1)\S)/O)C,CC(C)C/C(O)=N\C(S)=N/c1ccccn1,5.289893253720001,-6.0048738,-1.569351,4.4286137,0.8612795910002742,-6.062643,-1.4417677,4.6246185,0.6652747234465632,0.3636363636363636,-0.19600486755371094,True,237.32800000000003,16,1,"C,N,O,S",5,3,1,1,11,0.36363636363636365,57.84,0,0,c1ccncc1,sulfur,"[0.3, 0.4)"
3515638,C[C@@H](/C(=N\C(=N)O)/O)OC(=O)c1ccccc1,C[C@H](OC(=O)c1ccccc1)/C(O)=N\C(=N)O,5.314383500265,-6.505533,-1.6836673,4.8289847,0.4853987628687601,-6.5282917,-1.8649753,4.6550965,0.6592869693506938,0.4883720930232558,0.17388820648193365,True,236.227,17,1,"C,N,O",6,3,1,1,14,0.18181818181818182,102.97000000000001,0,0,c1ccccc1,ordinary,"[0.4, 0.5)"
3423163,O=C1C=C/C(=C/[N]C2=N[CH]NN2)/C(=C1)O,O=C1C=C/C(=C/[N]C2=N[CH]NN2)C(O)=C1,3.17284749683,-5.869371,-1.9364619,3.921122,0.7482745772971975,-5.8410087,-2.0090342,3.8295174,0.6566698676719533,0.3269230769230769,-0.09160470962524414,True,204.18900000000005,15,1,"C,N,O",6,1,2,0,13,0.0,87.82000000000001,0,2,O=C1C=CC(=C[N]C2=N[CH]NN2)C=C1,radical_or_open_shell,"[0.3, 0.4)"
3551378,CC1=CC(=C2[C](N1)C=CC=C2)[N]c1ccccc1,CC1=CC([N]c2ccccc2)=C2C=CC=C[C]2N1,3.975583355805,-4.2534175,-0.8616037,3.3886712,0.5869121960607373,-4.1116686,-0.7871313,3.3193433,0.6562400273290478,0.2978723404255319,0.06932783126831055,True,234.30200000000002,18,1,"C,N",2,2,3,1,16,0.0625,26.130000000000003,0,2,C1=C[C]2NC=CC([N]c3ccccc3)=C2C=C1,radical_or_open_shell,"[0.0, 0.3)"
3661390,OC(=O)[C@H](c1ccccc1)N1CCOCC1,O=C(O)[C@H](c1ccccc1)N1CCOCC1,4.966077771625001,-6.1472416,-0.61063105,5.5379333,0.5718555779843744,-6.239322,-0.62527025,5.621372,0.65529445127539,0.6875,0.08343887329101562,True,221.25599999999994,16,1,"C,N,O",4,3,2,1,8,0.4166666666666667,49.769999999999996,0,0,c1ccc(CN2CCOCC2)cc1,ordinary,"[0.6, 1.01)"
3535550,CCN1[N]N=C(N1)[N]C(=O)c1cccc(c1)F,CCN1[N]N=C([N]C(=O)c2cccc(F)c2)N1,4.44089804016,-5.3922763,-1.0008636,4.3790274,0.0618706735218159,-5.2265744,-1.4456797,3.7863998,0.6544981988514058,0.3809523809523809,0.59262752532959,True,235.222,17,1,"C,F,N,O",7,2,2,1,13,0.2,72.9,0,2,O=C([N]C1=N[N]NN1)c1ccccc1,radical_or_open_shell; fluorinated,"[0.3, 0.4)"
3556878,SC(=N)NN[C@]12C[C@H]3C[C@@H](C2)C[C@@H](C1)C3,N=C(S)NN[C@]12C[C@H]3C[C@H](C[C@H](C3)C1)C2,6.74298121539,-5.913359,0.0061030462,5.9177127,0.8252685269439555,-6.0722857,-0.0012861192,6.091099,0.6518824299896098,0.3333333333333333,-0.1733860969543457,True,225.36099999999996,15,1,"C,N,S",4,2,4,0,2,0.9090909090909091,47.910000000000004,0,0,C1C2CC3CC1CC(C2)C3,wide_gap; sulfur,"[0.3, 0.4)"
3604067,N[C]1N=C[CH]C(=N1)Oc1ccc(cc1)Cl,N[C]1N=C[CH]C(Oc2ccc(Cl)cc2)=N1,5.4504404255150005,-6.076193,-0.9404956,5.1404653,0.3099751659629985,-6.012246,-1.2222173,4.7993536,0.6510868259666607,0.4,0.34111166000366216,True,221.647,15,1,"C,Cl,N,O",5,1,2,1,9,0.0,59.97,0,2,[CH]1N=C[CH]C(Oc2ccccc2)=N1,radical_or_open_shell; chlorinated,"[0.4, 0.5)"
3417849,CCC(c1cc(N)c(c(c1)N(=O)=O)O)(C)C,CCC(C)(C)c1cc(N)c(O)c([N+](=O)[O-])c1,4.340215915475,-5.831851,-2.025753,3.8133092,0.5269067228175297,-5.780979,-2.102422,3.689499,0.6507170141078129,0.525,0.1238102912902832,True,224.26,16,1,"C,N,O",5,3,1,1,11,0.45454545454545453,89.39,0,0,c1ccccc1,ordinary,"[0.5, 0.6)"
3725694,CCCCN[C@H]([C@@H](c1ccccc1)O)C,CCCCN[C@@H](C)[C@H](O)c1ccccc1,5.200095683055,-5.8251915,0.024805017,5.8513927,0.6512970629166794,-5.845704,0.0008907616,5.8497715,0.6496758165787888,0.6,-0.001621246337890625,True,207.317,15,1,"C,N,O",2,6,1,1,6,0.5384615384615384,32.26,0,0,c1ccccc1,ordinary,"[0.6, 1.01)"
3667342,N#CC([N][N]c1ccc(cc1Cl)Cl)C#N,N#CC(C#N)[N][N]c1ccc(Cl)cc1Cl,4.2993988379,-6.482744,-1.4615911,5.0150146,0.7156158105374999,-6.5486784,-1.6169298,4.947274,0.6478753701688476,0.3571428571428571,-0.06774044036865234,True,239.06500000000003,15,1,"C,Cl,N",6,3,1,1,7,0.1111111111111111,75.78,0,2,c1ccccc1,radical_or_open_shell; chlorinated,"[0.3, 0.4)"
3542941,CCCN1C(=N[C@@H]2[C@H]1N=C(N2CCC)O)O,CCCN1C(O)=N[C@@H]2[C@H]1N=C(O)N2CCC,6.83549992456,-5.7663517,0.6380006,6.3963366,0.4391633690790426,-5.7366204,0.45061263,6.188387,0.6471130074457419,0.2916666666666667,0.20794963836669927,True,226.27999999999994,16,1,"C,N,O",6,4,2,0,6,0.8,71.66,0,0,C1=NC2NC=NC2N1,wide_gap,"[0.0, 0.3)"
3547612,C[C@@H]1CC[C@H](CC1)N1CCN(CC1)C(=O)C,CC(=O)N1CCN([C@H]2CC[C@H](C)CC2)CC1,6.816451955025001,-5.4773293,0.6961181,6.178763,0.637689042274757,-5.5190964,0.64688843,6.1694155,0.6470364810870128,0.5588235294117647,0.00934743881225586,True,224.34799999999996,16,1,"C,N,O",3,1,2,0,2,0.9230769230769231,23.550000000000004,0,0,C1CCC(N2CCNCC2)CC1,wide_gap,"[0.5, 0.6)"
3461942,CC([CH][N][N][C](c1cccc(c1)C)O)C,Cc1cccc([C](O)[N][N][CH]C(C)C)c1,4.927981832555,-5.795047,-0.22588101,5.5725174,0.6445355624645313,-5.8722963,-0.3112647,5.574973,0.6469912738292773,0.3846153846153846,0.0024557113647460938,True,204.273,15,1,"C,N,O",3,5,1,1,6,0.3333333333333333,48.43,0,4,c1ccccc1,radical_or_open_shell,"[0.3, 0.4)"
3607720,N[C@H](C(=O)O)CCSC[C@H]1O[C@H]([C@@H]([C@@H]1O)O)O,N[C@@H](CCSC[C@H]1O[C@@H](O)[C@H](O)[C@@H]1O)C(=O)O,6.68855844529,-6.2987676,-0.47844046,5.8242855,0.8642729380878515,-6.214335,-0.16446623,6.042634,0.6459244349750586,1.0,-0.21834850311279297,True,267.303,17,1,"C,N,O,S",8,6,1,0,2,0.8888888888888888,133.24,0,0,C1CCOC1,wide_gap; sulfur,"[0.6, 1.01)"
3515240,O=C(c1cccs1)CSc1nncn1C,Cn1cnnc1SCC(=O)c1cccs1,4.34293705398,-5.833993,-2.121194,3.7114878,0.6314492838994337,-5.838028,-2.1309066,3.6996393,0.6432977336064649,0.5740740740740741,0.01184844970703125,True,239.325,15,1,"C,N,O,S",6,4,2,2,12,0.2222222222222222,47.78,0,0,O=C(CSc1nnc[nH]1)c1cccs1,sulfur,"[0.5, 0.6)"
3586527,O=c1n(c2ccccc2)c(=O)n2n1[C@@H]1C=C[C@H]2C1,O=c1n(-c2ccccc2)c(=O)n2n1[C@@H]1C=C[C@H]2C1,5.733438830035,-5.9469323,-0.9273697,5.019097,0.7143419786861234,-5.7411513,-0.633515,5.090714,0.6427248522212796,0.5128205128205128,-0.07161712646484375,True,241.24999999999997,18,1,"C,N,O",5,1,4,2,14,0.23076923076923078,48.93,0,0,O=c1n(-c2ccccc2)c(=O)n2n1C1C=CC2C1,wide_gap,"[0.5, 0.6)"
3617705,CCOC(=O)C(=O)C(=O)NN([C]1NCC[N]1)C,CCOC(=O)C(=O)C(=O)NN(C)[C]1[N]CCN1,3.3633271921800003,-5.832897,-1.8487873,3.9855056,0.6221783887220993,-5.8870544,-1.8864602,4.002861,0.6395338307692184,0.3392857142857143,0.01735544204711914,True,242.23499999999999,17,1,"C,N,O",8,5,1,0,7,0.5555555555555556,101.84,0,2,[CH]1[N]CCN1,radical_or_open_shell,"[0.3, 0.4)"
3459823,O[C](COc1ccccc1)[N][N][C](CC#N)O,N#CC[C](O)[N][N][C](O)COc1ccccc1,5.16472088249,-6.110155,-0.24440476,5.8674555,0.70273459999291,-6.086365,-0.2892992,5.8037786,0.6390577658864647,0.4,-0.06367683410644531,True,233.227,17,1,"C,N,O",6,7,1,1,7,0.18181818181818182,101.68,0,4,c1ccccc1,radical_or_open_shell,"[0.4, 0.5)"
3444698,COc1cccc(c1)/C(=N\NC1=CCCC1)/O,COc1cccc(/C(O)=N\NC2=CCCC2)c1,3.692584951285,-5.012869,-0.52095056,4.500178,0.8075929089750096,-4.958585,-0.63249606,4.331279,0.6386938496793553,0.4339622641509434,-0.1688990592956543,True,232.28299999999996,17,1,"C,N,O",4,4,2,1,13,0.3076923076923077,53.85,0,0,C(=NNC1=CCCC1)c1ccccc1,ordinary,"[0.4, 0.5)"
3388600,CC([C]1[N]O[C@](C1)(O)C(F)(F)F)(C)C,CC(C)(C)[C]1C[C@@](O)(C(F)(F)F)O[N]1,6.87903814064,-6.603245,0.9148185,7.524417,0.6453787828829496,-6.6906524,0.81963164,7.516616,0.6375777269747465,0.2571428571428571,-0.007801055908203125,True,211.18299999999996,14,1,"C,F,N,O",6,0,1,0,0,0.875,43.56,0,2,[CH]1CCO[N]1,radical_or_open_shell; wide_gap; fluorinated,"[0.0, 0.3)"
3401684,OC(=O)C1=C/C(=N\NC2=N[CH]N[N]2)/C=CC1=O,O=C(O)C1=C/C(=N\NC2=N[CH]N[N]2)C=CC1=O,3.14019383477,-6.1730943,-3.563538,2.594542,0.5456518082502244,-5.816094,-3.329835,2.503337,0.6368569283368943,0.5208333333333334,0.09120512008666992,True,233.187,17,1,"C,N,O",8,2,2,0,15,0.0,117.25,0,2,O=C1C=CC(=NNC2=N[CH]N[N]2)C=C1,radical_or_open_shell,"[0.5, 0.6)"
3579920,C(=N\CCc1ccccn1)/CCN1CC1,C(/CCN1CC1)=N\CCc1ccccn1,5.749765661065,-5.621957,-0.6018441,5.0099964,0.7397692468804298,-5.6971245,-0.56136435,5.1133432,0.6364224222344337,0.4583333333333333,-0.1033468246459961,True,203.28900000000004,15,1,"C,N",3,6,2,1,6,0.5,28.259999999999998,0,0,C(CCN1CC1)=NCCc1ccccn1,wide_gap,"[0.4, 0.5)"
3553972,N#C/C(=C/c1ccccc1F)/c1ccccc1,N#C/C(=C/c1ccccc1F)c1ccccc1,4.23409151378,-6.5091453,-1.6820974,4.8261294,0.5920379227129198,-6.512738,-1.6372762,4.8679404,0.6338489120928026,0.55,0.04181098937988281,True,223.24999999999997,17,1,"C,F,N",2,2,2,2,17,0.0,23.79,0,0,C(=Cc1ccccc1)c1ccccc1,fluorinated,"[0.5, 0.6)"
3730928,Cc1ccccc1[N][N]c1ccc(cc1)N(=O)=O,Cc1ccccc1[N][N]c1ccc([N+](=O)[O-])cc1,3.5456434720150005,-6.165017,-2.0347452,4.1295986,0.5839551455387104,-6.237789,-2.0626864,4.1794624,0.6338189608463276,0.4634146341463415,0.04986381530761719,True,241.25000000000003,18,1,"C,N,O",5,4,2,2,17,0.07692307692307693,71.34,0,2,c1ccc([N][N]c2ccccc2)cc1,radical_or_open_shell,"[0.4, 0.5)"
3418866,COCC1=NN=C(/C/1=C\NN1CCOCC1)O,COCC1=NN=C(O)/C1=C\NN1CCOCC1,4.449061455675,-5.622661,-1.5772285,4.0542703,0.394791188188428,-5.6041207,-1.7906219,3.8161907,0.6328707360705081,0.2962962962962963,0.23807954788208013,True,240.26299999999998,17,1,"C,N,O",7,4,2,0,8,0.6,78.68,0,0,C1=NN=CC1=CNN1CCOCC1,ordinary,"[0.0, 0.3)"
3664909,CC(=O)O[C@@H](CCC1=C(C)CC[C@@]1(C)C(=C)C)C,C=C(C)[C@]1(C)CCC(C)=C1CC[C@@H](C)OC(C)=O,6.47086736489,-5.872769,0.2942754,6.167949,0.3029181652134864,-5.6177607,0.23002225,5.840536,0.6303312473362892,0.4210526315789473,0.3274130821228028,True,250.38199999999995,18,1,"C,O",2,5,1,0,2,0.6875,26.3,0,0,C1=CCCC1,wide_gap,"[0.4, 0.5)"
