model_id,pool_class,base_mae_eV,expert_mae_eV,expert_delta_vs_base_eV,equal_average_mae_eV,equal_average_gain_vs_base_eV,oracle_mae_eV,oracle_gain_eV,expert_win_rate,mean_winning_margin_eV,median_winning_margin_eV,mean_losing_margin_eV,gain_p05_eV,gain_p50_eV,gain_p95_eV,residual_correlation_with_base,fold_oracle_gain_min_eV,fold_oracle_gain_max_eV,fold_oracle_gains_eV,pair_oracle_gate_pass
centered_logits,contextual_gptrans_contract,0.14137364135205746,0.15821391727387904,0.01684027592182158,0.13925880669295787,0.0021148346590995903,0.10589887139737605,0.03547476995468141,0.44532,0.07966129963774678,0.054192304611206055,0.09431572415897993,-0.20904788970947263,-0.010614871978759766,0.1660934686660766,0.7432699456889263,0.03453588876685146,0.03680041474389348,"[0.035033590674400344, 0.03680041474389348, 0.03453588876685146, 0.03509833133561681, 0.035905331271866556]",True
k1_sparse_pair_training,primary_k1_v4_lineage,0.14137364135205746,0.14110968424737452,-0.0002639571046829381,0.13534006523311137,0.006033576118946088,0.10862685007035733,0.03274679128170013,0.49734,0.06584387196223938,0.044374942779541016,0.06462187995268613,-0.142315673828125,-0.0003886222839355469,0.1461418151855468,0.8495148353268174,0.03253751652240755,0.03313379481734245,"[0.03253751652240755, 0.03313379481734245, 0.0329271932921759, 0.03256478224260423, 0.03257046372538974]",True
memory_message,contextual_gptrans_contract,0.14137364135205746,0.15822110423505306,0.0168474628829956,0.13904076378285884,0.002332877569198616,0.10616789129197597,0.03520575006008149,0.4449,0.07913182751198355,0.05354642868041992,0.09377267689259068,-0.21357028484344479,-0.010576486587524414,0.16647815704345703,0.7446342027096257,0.03431496880054476,0.03602527683047929,"[0.03431496880054476, 0.03602527683047929, 0.03530679646879062, 0.034798624635243525, 0.03558282159189864]",True
memory_value,contextual_gptrans_contract,0.14137364135205746,0.15787046183526515,0.01649682048320769,0.13852557307422161,0.002848068277835847,0.1054290617364645,0.035944579615592956,0.44184,0.08135202701338258,0.05427098274230957,0.09395406352802183,-0.2146888017654419,-0.01125788688659668,0.16957836151123046,0.7479367211766278,0.0352430187225342,0.036836911067716666,"[0.0352430187225342, 0.036836911067716666, 0.03570439185920732, 0.035630812619204144, 0.03630752996531314]",True
neural_atom_k1_chem_typed_pair_token,primary_k1_v4_lineage,0.14137364135205746,0.1385749593013525,-0.002798682050704965,0.1343902988809347,0.006983342471122755,0.10821163229882717,0.03316200905323029,0.51248,0.06470888435300945,0.04395341873168945,0.06228119257163876,-0.13510695695877076,0.001687765121459961,0.14668226242065413,0.8643260454191699,0.03273235756258358,0.033457896971702594,"[0.033457896971702594, 0.03335953571552587, 0.03273235756258358, 0.03293614367004108, 0.033324082295020416]",True
neural_atom_k1_collapsed_mha,primary_k1_v4_lineage,0.14137364135205746,0.14085515493810177,-0.0005184864139556877,0.13567099084317685,0.005702650508880608,0.10967653009355068,0.031697111258506785,0.49774,0.06368206545286048,0.04261636734008789,0.06207666317156669,-0.1377622604370117,-0.00029540061950683594,0.1409736633300781,0.859858985055718,0.031337615751604916,0.032552613531180746,"[0.031415654349327096, 0.03175552332507339, 0.032552613531180746, 0.031423919724092225, 0.031337615751604916]",True
neural_atom_k1_dynamic_query,primary_k1_v4_lineage,0.14137364135205746,0.14235817252099514,0.0009845311689376801,0.13596164978206157,0.005411991569995889,0.1090681522411108,0.03230548911094666,0.49502,0.06526097755837472,0.04422712326049805,0.06592344306682311,-0.14620726108551022,-0.0007584095001220703,0.1427693128585814,0.8497008060909387,0.03167189169130366,0.03326485152483438,"[0.03245105235576631, 0.03217608764459284, 0.03326485152483438, 0.03196331006714191, 0.03167189169130366]",True
neural_atom_k1_edge_conditioned_slot,primary_k1_v4_lineage,0.14137364135205746,0.14108295508801938,-0.0002906862640380814,0.13549381577432157,0.005879825577735892,0.10872759450376034,0.032646046848297125,0.49868,0.06546492108826726,0.04431462287902832,0.06454290960354885,-0.14249091148376464,-0.0001621246337890625,0.14372137784957875,0.854617889500633,0.031996546041538634,0.03293627415878532,"[0.03258393783569337, 0.032855731587904294, 0.03285758870325735, 0.031996546041538634, 0.03293627415878532]",True
neural_atom_k1_edge_context_no_slot_attention,primary_k1_v4_lineage,0.14137364135205746,0.1416543258279562,0.00028068447589874035,0.13611342778861524,0.005260213563442223,0.11004689315259457,0.03132674819946289,0.49918,0.06275641692267897,0.04272651672363281,0.06311136271586924,-0.1394165277481079,-0.000164031982421875,0.13697550296783426,0.8538973242858716,0.0309498853553746,0.03173742055892946,"[0.03173742055892946, 0.0316674266471203, 0.031194516771162237, 0.031084278817891275, 0.0309498853553746]",True
neural_atom_k1_edge_context_read_norm,primary_k1_v4_lineage,0.14137364135205746,0.14048333811700345,-0.000890303235054013,0.13537558627307414,0.005998055078983322,0.10995223679482936,0.0314214045572281,0.50596,0.06210254675711141,0.04242515563964844,0.06180134675149604,-0.13447670936584472,0.0008077621459960938,0.13484613895416256,0.8625078015206236,0.030613787722587604,0.03213482862664452,"[0.030613787722587604, 0.031136149729917753, 0.031362121527867964, 0.03186045717921203, 0.03213482862664452]",True
neural_atom_k1_edge_context_uniform_return,primary_k1_v4_lineage,0.14137364135205746,0.13959993986546992,-0.0017737014865875367,0.13450897065103054,0.00686467070102692,0.10818499959409236,0.0331886417579651,0.50708,0.06545050437399441,0.04367566108703613,0.06373233034037483,-0.14182333946228023,0.0009055137634277344,0.1431890010833739,0.842656667407891,0.0321672560572982,0.03376106789112092,"[0.03376106789112092, 0.03302210463913133, 0.03362676132060255, 0.03336585619659943, 0.0321672560572982]",True
neural_atom_k1_edge_read_norm,primary_k1_v4_lineage,0.14137364135205746,0.1417749535268545,0.0004013121747970527,0.13608747213065625,0.00528616922140121,0.10980628782212734,0.03156735352993012,0.49826,0.06335518309703791,0.04245805740356445,0.06371560111756522,-0.14069273471832275,-0.0002281665802001953,0.13883619308471662,0.8594054428439467,0.031089750862121596,0.03200923899561241,"[0.031089750862121596, 0.03200923899561241, 0.03197532140687756, 0.03154679233251895, 0.0312154161903853]",True
neural_atom_k1_functional_group_token,primary_k1_v4_lineage,0.14137364135205746,0.13983141676843167,-0.0015422245836257953,0.1347348106664419,0.006638830685615549,0.10843445713460445,0.03293918421745301,0.5052,0.065200285466059,0.043553829193115234,0.06345383919528538,-0.14061186313629148,0.0007035732269287109,0.14339485168457028,0.8512010786690732,0.03228479193362935,0.03321730626960592,"[0.033071713042259226, 0.03321730626960592, 0.03301657684897556, 0.03228479193362935, 0.033105344170449996]",True
neural_atom_k1_g,primary_k1_v4_lineage,0.14137364135205746,0.1452639518159628,0.0038903104639053387,0.13693785480439663,0.0044357865476608305,0.10965543849885463,0.03171820285320283,0.48192,0.06581632398157955,0.04491257667541504,0.06873168876835267,-0.15353763103485105,-0.0025322437286376953,0.1427805662155149,0.8481464853462435,0.030795635652542133,0.03235226503537403,"[0.030795635652542133, 0.03194077894662149, 0.031959902130476336, 0.03235226503537403, 0.031542433216753527]",True
neural_atom_k1_gpspp_bidirectional,primary_k1_v4_lineage,0.14137364135205746,0.14157917448461055,0.00020553313255308736,0.13515790427148341,0.006215737080574046,0.10756368199765683,0.033809959354400634,0.50142,0.06742842199034868,0.04591178894042969,0.06822474324472248,-0.14807980060577391,0.00019073486328125,0.14826724529266325,0.8404832274327653,0.033150091481208815,0.03428707742338111,"[0.033150091481208815, 0.033181958254320576, 0.034253532773744405, 0.0341774498040401, 0.03428707742338111]",True
neural_atom_k1_gpspp_sender,primary_k1_v4_lineage,0.14137364135205746,0.14296678972661495,0.0015931483745574848,0.13580205489814282,0.005571586453914645,0.10875881833016872,0.03261482302188874,0.49278,0.06618536268088951,0.04485511779785156,0.06744473855766212,-0.14900531768798828,-0.0010573863983154297,0.14421334266662597,0.8431251107289005,0.03190584453636944,0.033220431238105974,"[0.03276752490997316, 0.033220431238105974, 0.032553561603220774, 0.03190584453636944, 0.03262643779270839]",True
neural_atom_k1_h4,primary_k1_v4_lineage,0.14137364135205746,0.143228543843627,0.0018549024915695267,0.1362247761720419,0.0051488651800155605,0.1090297141546011,0.032343927197456365,0.4903,0.06596762634602561,0.044274330139160156,0.06709862990312722,-0.1511303186416626,-0.0014033317565917969,0.1430158376693724,0.8491216691869933,0.0321629990527906,0.0324991406440735,"[0.0324991406440735, 0.03238491371823682, 0.03223816598251979, 0.0321629990527906, 0.032434396778113564]",True
neural_atom_k1_inverse_return,primary_k1_v4_lineage,0.14137364135205746,0.14200413139283657,0.0006304900407791136,0.13566131403386592,0.005712327318191546,0.10903608534753323,0.03233755600452423,0.49656,0.06512315934534443,0.04398608207702637,0.06549075495689977,-0.14441447257995604,-0.00048804283142089844,0.14237029552459712,0.8434985530752128,0.03189936101436616,0.03293503421435963,"[0.03189936101436616, 0.0325704852688328, 0.03293503421435963, 0.032231508934347605, 0.03205118247999576]",True
neural_atom_k1_mose,primary_k1_v4_lineage,0.14137364135205746,0.14025451810777187,-0.0011191232442855914,0.13499764198958875,0.006375999362468715,0.10882576973855496,0.032547871613502505,0.506,0.06432385694368084,0.04311656951904297,0.06362094811582372,-0.14016361236572264,0.0008153915405273438,0.14327197074890136,0.8380642886818683,0.0320601913303727,0.032978766369819654,"[0.032978766369819654, 0.03294474654563316, 0.03250241339200735, 0.03225296939652214, 0.0320601913303727]",True
neural_atom_k1_mose_hidden_bn,primary_k1_v4_lineage,0.14137364135205746,0.14264645165860654,0.001272810306549077,0.13516011603295802,0.006213525319099439,0.10723431365907192,0.03413932769298554,0.49608,0.06881818999553607,0.04621720314025879,0.07027333306781752,-0.1545931577682495,-0.0005700588226318359,0.15200972557067868,0.8252192465784438,0.03384541604518891,0.034618556922547256,"[0.03384541604518891, 0.034618556922547256, 0.03437397709108331, 0.03398779927074588, 0.033870637858002206]",True
neural_atom_k1_multiplicative_pair_value,primary_k1_v4_lineage,0.14137364135205746,0.14243745906293392,0.0010638177108764635,0.1357733193153143,0.005600322036743155,0.10862136500298977,0.03275227634906769,0.49206,0.06656155011394482,0.044676780700683594,0.06657497747754489,-0.14774391651153565,-0.0012500286102294922,0.14493834972381564,0.8474119889692515,0.03196951386260377,0.03325670073716809,"[0.032254970359802265, 0.033194314881728706, 0.03325670073716809, 0.03196951386260377, 0.03308560896406272]",True
neural_atom_k1_no_attention_uniform_return,primary_k1_v4_lineage,0.14137364135205746,0.13921122228085994,-0.002162419071197519,0.1346193181914091,0.006754323160648362,0.1088727230590582,0.03250091829299927,0.51068,0.06364243419166458,0.043321847915649414,0.06200134722022758,-0.1354905366897583,0.0014498233795166016,0.13910279273986798,0.8506787095965085,0.031456276687962414,0.03315077194177249,"[0.032716951966285726, 0.033144263521404385, 0.03315077194177249, 0.03203576740013836, 0.031456276687962414]",True
neural_atom_k1_no_slot_attention,primary_k1_v4_lineage,0.14137364135205746,0.13961093489587306,-0.0017627064561843986,0.13540844172656535,0.005965199625492107,0.11100334397256374,0.03037029737949372,0.5084,0.059737012941569065,0.040079593658447266,0.058195188826456176,-0.12634129524230955,0.0010721683502197266,0.13085777759551986,0.8692681805196899,0.030003914690017716,0.03059836144853073,"[0.030003914690017716, 0.030434743149404725, 0.03059836144853073, 0.03054614187741571, 0.03026829836105771]",True
neural_atom_k1_pair_token,primary_k1_v4_lineage,0.14137364135205746,0.13833004471719265,-0.003043596634864809,0.134085209633708,0.007288431718349447,0.10802733376920223,0.03334630758285523,0.51244,0.06507358438618223,0.043723344802856445,0.06215175762570846,-0.1340856671333313,0.0017237663269042969,0.14306582212448116,0.853143611545018,0.032416032156626653,0.033865631437301646,"[0.033865631437301646, 0.033829800882161185, 0.033128450160240616, 0.032416032156626653, 0.03349134296769023]",True
neural_atom_k1_pair_token_mose,contextual_feature_identity_mismatch,0.14137364135205746,0.1386557040542364,-0.002717937297821049,0.1341425905793905,0.007231050772666947,0.10813303112924098,0.03324061022281648,0.50666,0.06560733079938512,0.0440974235534668,0.06186944688246528,-0.13472542762756348,0.0008978843688964844,0.14658460617065425,0.8584076725268912,0.03286794420003081,0.03369932814406165,"[0.0330123227119446, 0.03369932814406165, 0.0333148400648369, 0.03286794420003081, 0.033308409981595025]",True
neural_atom_k1_pair_token_node_return,primary_k1_v4_lineage,0.14137364135205746,0.13962897387444972,-0.0017446674776077364,0.1347645922201872,0.00660904913187027,0.10830591844499111,0.033067722907066346,0.50592,0.06536156488588382,0.04452323913574219,0.06339672811985633,-0.1391599416732788,0.0008537769317626953,0.14435231685638417,0.8601829635296239,0.03256033163239462,0.033603784298272016,"[0.03304769284725191, 0.033131669667152516, 0.03256033163239462, 0.03299526036512998, 0.033603784298272016]",True
neural_atom_k1_pair_token_oneshot_triplet,primary_k1_v4_lineage,0.14137364135205746,0.1387662813037634,-0.002607360048294066,0.13432558382451534,0.0070480575275421176,0.10798727272450924,0.03338636862754822,0.51116,0.06531490849743371,0.04446744918823242,0.06296335933895375,-0.13651221990585327,0.0015649795532226562,0.14395859241485584,0.8547327681328232,0.032837137317657486,0.0338131781696534,"[0.032837137317657486, 0.03368562037475488, 0.03324044076171759, 0.03335547051350579, 0.0338131781696534]",True
neural_atom_k1_r,primary_k1_v4_lineage,0.14137364135205746,0.14152100222051145,0.00014736086845398844,0.13540781763970852,0.005965823712348939,0.10923987427175046,0.032133767080307005,0.50178,0.06403955335068558,0.043294429779052734,0.06479291868805144,-0.14310522079467775,0.00019502639770507812,0.14044680595397943,0.8420349332097089,0.03155485747646966,0.03263048337695956,"[0.03171712086200716, 0.03263048337695956, 0.03258940244052376, 0.0321766694657062, 0.03155485747646966]",True
neural_atom_k1_repset_readout,primary_k1_v4_lineage,0.14137364135205746,0.14210806772172452,0.0007344263696670572,0.13552994996011258,0.005843691391944877,0.10880460605561733,0.03256903529644013,0.49624,0.06563162037812374,0.0443422794342041,0.06610977780313478,-0.1452862739562988,-0.0005047321319580078,0.14249022006988493,0.8401026972571,0.03191201797507481,0.032989441442489637,"[0.032989441442489637, 0.032586826225119825, 0.03252320618119767, 0.032833605414510955, 0.03191201797507481]",True
neural_atom_k1_rwse_mose_context_gate,primary_k1_v4_lineage,0.14137364135205746,0.1419007521098852,0.0005271107578277423,0.13584179130494595,0.005531850047111514,0.10914025572240353,0.03223338562965393,0.49362,0.06529999924973447,0.04465198516845703,0.06469547846969013,-0.1438469409942627,-0.0008420944213867188,0.1435220956802368,0.8540751362376804,0.03168546936468593,0.03281444421399535,"[0.03216516416072847, 0.032448191505950005, 0.03281444421399535, 0.03168546936468593, 0.03205339077306428]",True
neural_atom_k1_rwse_mose_residual_gate,primary_k1_v4_lineage,0.14137364135205746,0.1393276348346472,-0.0020460065174102704,0.13506502412736415,0.006308617224693308,0.10956246464669704,0.03181117670536042,0.5076,0.06266977286320018,0.04253673553466797,0.060449167725325215,-0.13317220211029052,0.0010941028594970703,0.13899650573730432,0.8606181063311324,0.031064713590262916,0.032478031248828476,"[0.032085817813873305, 0.032478031248828476, 0.03137962258633298, 0.031064713590262916, 0.03204743934645847]",True
neural_atom_k1_sparse_triplet,primary_k1_v4_lineage,0.14137364135205746,0.14249275653779506,0.0011191151857375958,0.13688996221721172,0.004483679134845736,0.11121292144715786,0.030160719904899602,0.48932,0.061638028089797264,0.040953636169433594,0.06125134152627322,-0.13599863052368164,-0.0013642311096191406,0.1349249362945555,0.868481008509444,0.029731800256192306,0.030806649294922522,"[0.03002808096408846, 0.030806649294922522, 0.030278503459735498, 0.029731800256192306, 0.029958233711218266]",True
neural_atom_k1_spd_pair_token,primary_k1_v4_lineage,0.14137364135205746,0.1397010936206579,-0.0016725477313995485,0.13510449054181575,0.006269150810241708,0.10862165785729885,0.03275198349475861,0.50358,0.0650382928129763,0.04411029815673828,0.06260713863937607,-0.13607852458953856,0.00045990943908691406,0.14380438327789297,0.8646094156724707,0.031985848274913714,0.03364935365066901,"[0.03239210417270662, 0.03364935365066901, 0.031985848274913714, 0.03215985683041303, 0.03357260764706348]",True
neural_atom_k1_tied_selector,primary_k1_v4_lineage,0.14137364135205746,0.1418427457898855,0.00046910443782804956,0.1354551955574751,0.0059184457945823665,0.10842003989160061,0.03295360146045685,0.49408,0.06669689414762153,0.04497122764587402,0.06606322323348536,-0.147021484375,-0.0008392333984375,0.14512951374053945,0.8365855965826902,0.03255741520866583,0.033370498442289856,"[0.033122442030906696, 0.0327783498265416, 0.033370498442289856, 0.03293923056824348, 0.03255741520866583]",True
neural_atom_k1_uniform_return,primary_k1_v4_lineage,0.14137364135205746,0.13954734666764737,-0.0018262946844100902,0.1351262435668707,0.006247397785186765,0.10931085277974606,0.0320627885723114,0.5092,0.06296698462747723,0.04269123077392578,0.06160654826385759,-0.13428847789764403,0.0012135505676269531,0.14003202915191648,0.8694013134850989,0.03152189636230471,0.03277290977128636,"[0.03152189636230471, 0.03241667932931583, 0.03277290977128636, 0.03190388679981328, 0.03169828873916873]",True
neural_atom_k4_cluster,primary_k1_v4_lineage,0.14137364135205746,0.14345298935830594,0.0020793480062484826,0.13553016757190228,0.005843473780155178,0.107802666310668,0.033570975041389464,0.48486,0.06923849160869007,0.046746253967285156,0.06920780215801743,-0.152227783203125,-0.0023131370544433594,0.15018947124481172,0.8404658513498251,0.03291793904304506,0.033940050056273666,"[0.03291793904304506, 0.03387743566532701, 0.033940050056273666, 0.03344672583274591, 0.03367259123726449]",True
pair_prenorm,contextual_gptrans_contract,0.14137364135205746,0.1535023336213827,0.012128692269325253,0.1368404725188017,0.004533168833255774,0.10480835385262967,0.03656528749942779,0.458,0.079836872269493,0.05413007736206055,0.08984129108626024,-0.20055732727050782,-0.007942676544189453,0.16922874450683567,0.7484688664576281,0.036051351491742906,0.037204119796203514,"[0.036188906788826, 0.03662185615078872, 0.036051351491742906, 0.037204119796203514, 0.036760404482439155]",True
pcqm_gptrans_t_100k_v4,contextual_gptrans_contract,0.14137364135205746,0.15662720430791377,0.015253562955856309,0.138246925830245,0.0031267155218124565,0.10526894550263882,0.03610469584941864,0.45206,0.0798670438645725,0.053873538970947266,0.09372971275189795,-0.20849435329437255,-0.009315967559814453,0.16904652118682856,0.7433464689635391,0.03525603480339051,0.03692547980099603,"[0.03525603480339051, 0.03657391435275563, 0.03692547980099603, 0.03557045451639462, 0.03619728459909359]",True
