21918	2026-07-27T23:55:39.0000000000+0900	molgap-pcqm-route-b/vendor-cu126-torch271/networkx/drawing/tests/baseline/test_house_with_colors.png
6864	2026-07-27T23:55:08.0000000000+0900	molgap-pcqm-route-b/vendor-cu126-torch271/sympy/plotting/tests/test_region_and.png
7939	2026-07-27T23:55:08.0000000000+0900	molgap-pcqm-route-b/vendor-cu126-torch271/sympy/plotting/tests/test_region_not.png
8809	2026-07-27T23:55:08.0000000000+0900	molgap-pcqm-route-b/vendor-cu126-torch271/sympy/plotting/tests/test_region_or.png
10002	2026-07-27T23:55:08.0000000000+0900	molgap-pcqm-route-b/vendor-cu126-torch271/sympy/plotting/tests/test_region_xor.png
380	2026-06-04T13:31:59.0000000000+0900	molgap/.venv/lib/python3.10/site-packages/matplotlib/mpl-data/images/back.png
620	2026-06-04T13:31:59.0000000000+0900	molgap/.venv/lib/python3.10/site-packages/matplotlib/mpl-data/images/back_large.png
458	2026-06-04T13:31:59.0000000000+0900	molgap/.venv/lib/python3.10/site-packages/matplotlib/mpl-data/images/filesave.png
720	2026-06-04T13:31:59.0000000000+0900	molgap/.venv/lib/python3.10/site-packages/matplotlib/mpl-data/images/filesave_large.png
357	2026-06-04T13:31:59.0000000000+0900	molgap/.venv/lib/python3.10/site-packages/matplotlib/mpl-data/images/forward.png
593	2026-06-04T13:31:59.0000000000+0900	molgap/.venv/lib/python3.10/site-packages/matplotlib/mpl-data/images/forward_large.png
979	2026-06-04T13:31:59.0000000000+0900	molgap/.venv/lib/python3.10/site-packages/matplotlib/mpl-data/images/hand.png
472	2026-06-04T13:31:59.0000000000+0900	molgap/.venv/lib/python3.10/site-packages/matplotlib/mpl-data/images/help.png
747	2026-06-04T13:31:59.0000000000+0900	molgap/.venv/lib/python3.10/site-packages/matplotlib/mpl-data/images/help_large.png
468	2026-06-04T13:31:59.0000000000+0900	molgap/.venv/lib/python3.10/site-packages/matplotlib/mpl-data/images/home.png
790	2026-06-04T13:31:59.0000000000+0900	molgap/.venv/lib/python3.10/site-packages/matplotlib/mpl-data/images/home_large.png
1283	2026-06-04T13:31:59.0000000000+0900	molgap/.venv/lib/python3.10/site-packages/matplotlib/mpl-data/images/matplotlib.png
3088	2026-06-04T13:31:59.0000000000+0900	molgap/.venv/lib/python3.10/site-packages/matplotlib/mpl-data/images/matplotlib_large.png
481	2026-06-04T13:31:59.0000000000+0900	molgap/.venv/lib/python3.10/site-packages/matplotlib/mpl-data/images/move.png
767	2026-06-04T13:31:59.0000000000+0900	molgap/.venv/lib/python3.10/site-packages/matplotlib/mpl-data/images/move_large.png
380	2026-06-04T13:31:59.0000000000+0900	molgap/.venv/lib/python3.10/site-packages/matplotlib/mpl-data/images/qt4_editor_options.png
619	2026-06-04T13:31:59.0000000000+0900	molgap/.venv/lib/python3.10/site-packages/matplotlib/mpl-data/images/qt4_editor_options_large.png
445	2026-06-04T13:31:59.0000000000+0900	molgap/.venv/lib/python3.10/site-packages/matplotlib/mpl-data/images/subplots.png
662	2026-06-04T13:31:59.0000000000+0900	molgap/.venv/lib/python3.10/site-packages/matplotlib/mpl-data/images/subplots_large.png
530	2026-06-04T13:31:59.0000000000+0900	molgap/.venv/lib/python3.10/site-packages/matplotlib/mpl-data/images/zoom_to_rect.png
1016	2026-06-04T13:31:59.0000000000+0900	molgap/.venv/lib/python3.10/site-packages/matplotlib/mpl-data/images/zoom_to_rect_large.png
13634	2026-06-04T13:31:59.0000000000+0900	molgap/.venv/lib/python3.10/site-packages/matplotlib/mpl-data/sample_data/Minduka_Present_Blue_Pack.png
22279	2026-06-04T13:31:59.0000000000+0900	molgap/.venv/lib/python3.10/site-packages/matplotlib/mpl-data/sample_data/logo2.png
2114	2026-06-04T13:31:07.0000000000+0900	molgap/.venv/lib/python3.10/site-packages/scipy/ndimage/tests/dots.png
87285	2026-06-04T13:29:08.0000000000+0900	molgap/results/analysis/feature_importance_gap.png
93187	2026-06-04T13:29:08.0000000000+0900	molgap/results/analysis/feature_importance_homo.png
86636	2026-06-04T13:29:08.0000000000+0900	molgap/results/analysis/feature_importance_lumo.png
211938	2026-06-04T13:29:08.0000000000+0900	molgap/results/analysis/parity_gap.png
211181	2026-06-04T13:29:08.0000000000+0900	molgap/results/analysis/parity_homo.png
234876	2026-06-04T13:29:08.0000000000+0900	molgap/results/analysis/parity_lumo.png
90838	2026-06-04T13:29:08.0000000000+0900	molgap/results/analysis/residual_gap.png
92847	2026-06-04T13:29:08.0000000000+0900	molgap/results/analysis/residual_homo.png
103730	2026-06-04T13:29:08.0000000000+0900	molgap/results/analysis/residual_lumo.png
136678	2026-06-04T13:29:08.0000000000+0900	molgap/results/benchmark/benchmark_average_mae.png
118142	2026-06-04T13:29:08.0000000000+0900	molgap/results/benchmark/benchmark_average_r2.png
80287	2026-06-04T13:29:08.0000000000+0900	molgap/results/confidence/error_by_confidence_bin.png
288556	2026-06-04T13:29:08.0000000000+0900	molgap/results/confidence/error_vs_uncertainty.png
67270	2026-06-04T13:29:08.0000000000+0900	molgap/results/feature_contribution/feature_group_importance.png
278339	2026-06-04T13:29:08.0000000000+0900	molgap/results/feature_contribution/permutation_importance_top.png
322585	2026-06-04T13:29:09.0000000000+0900	molgap/results/feature_contribution/rdkit_descriptor_importance.png
319284	2026-06-04T13:29:09.0000000000+0900	molgap/results/feature_contribution/top_features_gap.png
339615	2026-06-04T13:29:09.0000000000+0900	molgap/results/feature_contribution/top_features_homo.png
325584	2026-06-04T13:29:09.0000000000+0900	molgap/results/feature_contribution/top_features_lumo.png
324514	2026-06-04T13:29:09.0000000000+0900	molgap/results/feature_contribution/top_features_overall.png
93320	2026-06-04T13:29:09.0000000000+0900	molgap/results/gap_consistency/gap_strategy_mae.png
83258	2026-06-04T13:29:09.0000000000+0900	molgap/results/gap_consistency/gap_strategy_r2.png
64828	2026-06-04T13:29:09.0000000000+0900	molgap/results/y_randomization/y_randomization_mae_distribution.png
68102	2026-06-04T13:29:09.0000000000+0900	molgap/results/y_randomization/y_randomization_r2_distribution.png
